scientific_name	common_name	family	state	growth_form	habitat	endemic_tas	data_source	flower_Jan	flower_Feb	flower_Mar	flower_Apr	flower_May	flower_Jun	flower_Jul	flower_Aug	flower_Sep	flower_Oct	flower_Nov	flower_Dec	fruit_Jan	fruit_Feb	fruit_Mar	fruit_Apr	fruit_May	fruit_Jun	fruit_Jul	fruit_Aug	fruit_Sep	fruit_Oct	fruit_Nov	fruit_Dec	seed_Jan	seed_Feb	seed_Mar	seed_Apr	seed_May	seed_Jun	seed_Jul	seed_Aug	seed_Sep	seed_Oct	seed_Nov	seed_Dec
Eucalyptus globulus	Tasmanian Blue Gum	Myrtaceae	TAS	tree	woodland	1	compiled_estimate_v2	0	0	0	0	0	0	0	0	0	1	1	0	1	0	0	0	0	0	0	0	0	0	0	1	1	1	1	0	0	0	0	0	0	0	0	0
Eucalyptus obliqua	Messmate	Myrtaceae	TAS	tree	wet_forest	0	compiled_estimate_v2	0	0	0	0	0	0	0	0	1	1	0	0	0	0	0	0	0	0	0	0	0	0	1	0	1	0	0	0	0	0	0	0	0	0	0	1
Eucalyptus viminalis	Manna Gum	Myrtaceae	TAS	tree	woodland	0	compiled_estimate_v2	0	0	0	0	0	0	0	0	0	1	1	1	0	0	0	0	0	0	0	0	0	0	0	1	1	1	1	0	0	0	0	0	0	0	0	0
Eucalyptus amygdalina	Black Peppermint	Myrtaceae	TAS	tree	dry_forest	1	compiled_estimate_v2	1	1	0	0	0	0	0	0	0	0	0	1	0	1	1	0	0	0	0	0	0	0	0	0	0	0	1	1	1	0	0	0	0	0	0	0
Eucalyptus delegatensis	Alpine Ash	Myrtaceae	TAS	tree	alpine	0	compiled_estimate_v2	0	0	0	0	0	0	0	0	0	1	1	1	1	0	0	0	0	0	0	0	0	0	0	1	1	1	0	0	0	0	0	0	0	0	0	0
Eucalyptus pauciflora	Snow Gum	Myrtaceae	TAS	tree	alpine	0	compiled_estimate_v2	0	0	0	0	0	0	0	0	1	1	0	0	0	0	0	0	0	0	0	0	0	0	1	1	1	0	0	0	0	0	0	0	0	0	0	1
Eucalyptus regnans	Mountain Ash	Myrtaceae	TAS	tree	wet_forest	0	compiled_estimate_v2	1	1	0	0	0	0	0	0	0	0	0	1	0	0	1	1	0	0	0	0	0	0	0	0	0	0	0	1	1	0	0	0	0	0	0	0
Eucalyptus coccifera	Tasmanian Snow Gum	Myrtaceae	TAS	tree	alpine	1	compiled_estimate_v2	1	1	0	0	0	0	0	0	0	0	0	1	0	0	1	1	0	0	0	0	0	0	0	0	0	0	0	1	1	0	0	0	0	0	0	0
Eucalyptus gunnii	Cider Gum	Myrtaceae	TAS	tree	alpine	1	compiled_estimate_v2	1	1	0	0	0	0	0	0	0	0	0	1	0	0	1	1	0	0	0	0	0	0	0	0	0	0	0	1	1	0	0	0	0	0	0	0
Eucalyptus cordata	Heart-leaved Silver Gum	Myrtaceae	TAS	tree	woodland	1	compiled_estimate_v2	0	1	1	0	0	0	0	0	0	0	0	0	0	0	1	1	0	0	0	0	0	0	0	0	0	0	0	0	1	1	0	0	0	0	0	0
Eucalyptus tenuiramis	Silver Peppermint	Myrtaceae	TAS	tree	dry_forest	1	compiled_estimate_v2	1	0	0	0	0	0	0	0	0	0	1	1	0	1	1	0	0	0	0	0	0	0	0	0	0	0	1	1	0	0	0	0	0	0	0	0
Eucalyptus johnstonii	Yellow Gum	Myrtaceae	TAS	tree	wet_forest	1	compiled_estimate_v2	1	1	0	0	0	0	0	0	0	0	0	1	0	0	1	1	0	0	0	0	0	0	0	0	0	0	0	1	1	0	0	0	0	0	0	0
Eucalyptus ovata	Swamp Gum	Myrtaceae	TAS	tree	woodland	0	compiled_estimate_v2	0	1	1	0	0	0	0	0	0	0	0	0	0	0	1	1	0	0	0	0	0	0	0	0	0	0	0	0	1	1	0	0	0	0	0	0
Eucalyptus rodwayi	Swamp Peppermint	Myrtaceae	TAS	tree	woodland	1	compiled_estimate_v2	1	1	0	0	0	0	0	0	0	0	0	0	0	0	1	1	0	0	0	0	0	0	0	0	0	0	0	0	1	1	0	0	0	0	0	0
Eucalyptus nitida	Western Peppermint	Myrtaceae	TAS	tree	wet_forest	1	compiled_estimate_v2	1	1	0	0	0	0	0	0	0	0	0	1	0	0	1	1	0	0	0	0	0	0	0	0	0	0	0	1	1	0	0	0	0	0	0	0
Eucalyptus sieberi	Silvertop Ash	Myrtaceae	TAS	tree	wet_forest	0	compiled_estimate_v2	1	1	0	0	0	0	0	0	0	0	0	1	0	0	1	1	0	0	0	0	0	0	0	0	0	0	0	1	1	0	0	0	0	0	0	0
Eucalyptus dalrympleana	Mountain Gum	Myrtaceae	TAS	tree	alpine	0	compiled_estimate_v2	1	1	0	0	0	0	0	0	0	0	0	1	0	0	1	1	0	0	0	0	0	0	0	0	0	0	0	1	1	0	0	0	0	0	0	0
Eucalyptus pulchella	White Peppermint	Myrtaceae	TAS	tree	dry_forest	1	compiled_estimate_v2	1	0	0	0	0	0	0	0	0	0	1	1	0	1	1	0	0	0	0	0	0	0	0	0	0	0	1	1	0	0	0	0	0	0	0	0
Eucalyptus risdonii	Risdon Peppermint	Myrtaceae	TAS	tree	dry_forest	1	compiled_estimate_v2	1	0	0	0	0	0	0	0	0	0	1	0	0	1	0	0	0	0	0	0	0	0	0	0	0	0	1	1	0	0	0	0	0	0	0	0
Eucalyptus linearis	White Peppermint	Myrtaceae	TAS	tree	dry_forest	1	compiled_estimate_v2	1	0	0	0	0	0	0	0	0	0	1	1	0	1	1	0	0	0	0	0	0	0	0	0	0	0	1	1	0	0	0	0	0	0	0	0
Eucalyptus barberi	Barber's Gum	Myrtaceae	TAS	tree	dry_forest	1	compiled_estimate_v2	0	1	1	0	0	0	0	0	0	0	0	0	0	0	1	1	0	0	0	0	0	0	0	0	0	0	0	0	1	1	0	0	0	0	0	0
Eucalyptus perriniana	Spinning Gum	Myrtaceae	TAS	tree	alpine	0	compiled_estimate_v2	1	1	0	0	0	0	0	0	0	0	0	1	0	0	1	1	0	0	0	0	0	0	0	0	0	0	0	1	1	0	0	0	0	0	0	0
Eucalyptus vernicosa	Varnished Gum	Myrtaceae	TAS	shrub	alpine	1	compiled_estimate_v2	1	1	0	0	0	0	0	0	0	0	0	1	0	0	1	1	0	0	0	0	0	0	0	0	0	0	0	1	1	0	0	0	0	0	0	0
Eucalyptus archeri	Alpine Cider Gum	Myrtaceae	TAS	tree	alpine	1	compiled_estimate_v2	1	1	0	0	0	0	0	0	0	0	0	1	0	0	1	1	0	0	0	0	0	0	0	0	0	0	0	1	1	0	0	0	0	0	0	0
Eucalyptus morrisbyi	Morrisby's Gum	Myrtaceae	TAS	tree	woodland	1	compiled_estimate_v2	1	1	0	0	0	0	0	0	0	0	0	1	0	0	1	1	0	0	0	0	0	0	0	0	0	0	0	1	1	0	0	0	0	0	0	0
Nothofagus cunninghamii	Myrtle Beech	Nothofagaceae	TAS	tree	rainforest	0	compiled_estimate_v2	0	0	0	0	0	0	0	0	0	0	1	1	0	1	1	0	0	0	0	0	0	0	0	0	0	0	0	1	1	0	0	0	0	0	0	0
Nothofagus gunnii	Deciduous Beech (Fagus)	Nothofagaceae	TAS	shrub	alpine	1	compiled_estimate_v2	0	0	0	0	0	0	0	0	0	0	0	1	1	1	0	0	0	0	0	0	0	0	0	0	0	0	0	0	1	1	0	0	0	0	0	0
Atherosperma moschatum	Sassafras	Atherospermataceae	TAS	tree	rainforest	0	compiled_estimate_v2	0	0	0	0	0	0	0	0	0	1	1	1	1	1	1	0	0	0	0	0	0	0	0	0	0	0	0	1	1	0	0	0	0	0	0	0
Leptospermum scoparium	Manuka	Myrtaceae	TAS	shrub	heath	0	compiled_estimate_v2	1	0	0	0	0	0	0	0	0	0	1	1	0	1	1	1	0	0	0	0	0	0	0	0	0	0	0	1	1	1	0	0	0	0	0	0
Leptospermum lanigerum	Woolly Tea-tree	Myrtaceae	TAS	shrub	wet_forest	0	compiled_estimate_v2	0	0	0	0	0	0	0	0	0	1	1	1	1	1	1	0	0	0	0	0	0	0	0	0	0	0	0	1	1	1	0	0	0	0	0	0
Leptospermum nitidum	Shiny Tea-tree	Myrtaceae	TAS	shrub	heath	1	compiled_estimate_v2	1	1	0	0	0	0	0	0	0	0	0	1	0	0	1	1	0	0	0	0	0	0	0	0	0	0	0	0	1	1	0	0	0	0	0	0
Leptospermum riparium	River Tea-tree	Myrtaceae	TAS	shrub	rainforest	1	compiled_estimate_v2	0	0	0	0	0	0	0	0	0	1	1	1	1	1	0	0	0	0	0	0	0	0	0	0	0	0	0	1	1	0	0	0	0	0	0	0
Leptospermum glaucescens	Mountain Tea-tree	Myrtaceae	TAS	shrub	alpine	1	compiled_estimate_v2	1	1	0	0	0	0	0	0	0	0	0	1	0	0	1	1	0	0	0	0	0	0	0	0	0	0	0	0	1	1	0	0	0	0	0	0
Leptospermum rupestre	Alpine Tea-tree	Myrtaceae	TAS	shrub	alpine	1	compiled_estimate_v2	1	1	0	0	0	0	0	0	0	0	0	1	0	0	1	1	0	0	0	0	0	0	0	0	0	0	0	0	1	1	0	0	0	0	0	0
Melaleuca squamea	Swamp Honey-myrtle	Myrtaceae	TAS	shrub	heath	0	compiled_estimate_v2	1	0	0	0	0	0	0	0	0	0	1	1	0	1	1	0	0	0	0	0	0	0	0	0	0	0	0	1	1	0	0	0	0	0	0	0
Melaleuca squarrosa	Scented Paperbark	Myrtaceae	TAS	shrub	wet_forest	0	compiled_estimate_v2	1	1	1	0	0	0	0	0	0	0	0	1	0	0	0	1	1	0	0	0	0	0	0	0	0	0	0	0	0	1	1	0	0	0	0	0
Melaleuca gibbosa	Slender Honey-myrtle	Myrtaceae	TAS	shrub	heath	1	compiled_estimate_v2	0	0	0	0	0	0	0	0	1	1	1	0	1	0	0	0	0	0	0	0	0	0	0	0	0	0	0	0	0	0	0	0	0	0	0	1
Melaleuca ericifolia	Coast Paperbark	Myrtaceae	TAS	shrub	coastal	0	compiled_estimate_v2	0	0	0	0	0	0	0	0	0	0	1	1	1	1	0	0	0	0	0	0	0	0	0	0	0	0	0	1	1	0	0	0	0	0	0	0
Banksia marginata	Silver Banksia	Proteaceae	TAS	tree	woodland	0	compiled_estimate_v2	0	1	1	1	1	0	0	0	0	0	0	0	0	0	0	0	0	1	1	1	0	0	0	0	0	0	0	0	0	0	1	1	1	0	0	0
Banksia serrata	Red Honeysuckle	Proteaceae	TAS	tree	woodland	0	compiled_estimate_v2	0	1	1	1	0	0	0	0	0	0	0	0	0	0	0	1	1	1	0	0	0	0	0	0	0	0	0	0	0	1	1	1	0	0	0	0
Banksia integrifolia	Coast Banksia	Proteaceae	TAS	tree	coastal	0	compiled_estimate_v2	0	0	1	1	1	0	0	0	0	0	0	0	0	0	0	0	0	1	1	0	0	0	0	0	0	0	0	0	0	0	1	1	0	0	0	0
Tasmannia lanceolata	Mountain Pepper	Winteraceae	TAS	shrub	rainforest	0	compiled_estimate_v2	1	1	0	0	0	0	0	0	0	0	0	0	0	0	1	1	1	0	0	0	0	0	0	0	0	0	0	0	1	1	1	0	0	0	0	0
Tasmannia xerophila	Alpine Pepper	Winteraceae	TAS	shrub	alpine	1	compiled_estimate_v2	1	1	0	0	0	0	0	0	0	0	0	0	0	0	1	1	1	0	0	0	0	0	0	0	0	0	0	0	1	1	1	0	0	0	0	0
Dicksonia antarctica	Soft Tree Fern	Dicksoniaceae	TAS	fern	rainforest	0	compiled_estimate_v2	1	0	0	0	0	0	0	0	0	0	0	1	0	1	1	0	0	0	0	0	0	0	0	0	0	0	0	0	0	0	0	0	0	0	0	0
Pomaderris apetala	Dogwood	Rhamnaceae	TAS	tree	rainforest	0	compiled_estimate_v2	0	0	0	0	0	0	0	0	0	0	1	1	1	1	1	0	0	0	0	0	0	0	0	0	0	0	0	0	1	1	1	0	0	0	0	0
Pomaderris elliptica	Smooth Pomaderris	Rhamnaceae	TAS	shrub	woodland	0	compiled_estimate_v2	0	0	0	0	0	0	0	0	0	0	1	1	1	1	1	0	0	0	0	0	0	0	0	0	0	0	0	0	1	1	1	0	0	0	0	0
Pomaderris pilifera	Hairy Pomaderris	Rhamnaceae	TAS	shrub	woodland	1	compiled_estimate_v2	0	0	0	0	0	0	0	0	0	0	1	1	1	1	1	0	0	0	0	0	0	0	0	0	0	0	0	0	1	1	1	0	0	0	0	0
Olearia argophylla	Musk Daisy-bush	Asteraceae	TAS	tree	rainforest	0	compiled_estimate_v2	1	1	1	0	0	0	0	0	0	0	0	0	0	0	0	1	1	0	0	0	0	0	0	0	0	0	0	0	0	0	0	1	1	0	0	0
Olearia phlogopappa	Dusty Daisy-bush	Asteraceae	TAS	shrub	woodland	0	compiled_estimate_v2	1	1	0	0	0	0	0	0	0	0	0	1	0	0	1	1	0	0	0	0	0	0	0	0	0	0	0	0	0	0	1	1	0	0	0	0
Olearia lirata	Forest Daisy-bush	Asteraceae	TAS	shrub	wet_forest	0	compiled_estimate_v2	1	1	0	0	0	0	0	0	0	0	0	0	0	0	1	1	0	0	0	0	0	0	0	0	0	0	0	0	0	0	1	1	0	0	0	0
Olearia stellulata	Star Daisy-bush	Asteraceae	TAS	shrub	coastal	0	compiled_estimate_v2	1	1	0	0	0	0	0	0	0	0	0	0	0	0	1	1	0	0	0	0	0	0	0	0	0	0	0	0	0	0	1	1	0	0	0	0
Olearia viscosa	Viscid Daisy-bush	Asteraceae	TAS	shrub	woodland	0	compiled_estimate_v2	0	0	0	0	0	0	0	0	0	1	1	1	1	1	0	0	0	0	0	0	0	0	0	0	0	0	0	0	1	1	0	0	0	0	0	0
Olearia tasmanica	Tasmanian Daisy-bush	Asteraceae	TAS	shrub	coastal	1	compiled_estimate_v2	0	0	0	0	0	0	0	0	0	1	1	1	1	1	0	0	0	0	0	0	0	0	0	0	0	0	0	0	1	1	0	0	0	0	0	0
Bedfordia salicina	Blanketleaf	Asteraceae	TAS	shrub	rainforest	1	compiled_estimate_v2	1	1	0	0	0	0	0	0	0	0	0	0	0	0	1	1	0	0	0	0	0	0	0	0	0	0	0	0	0	0	1	1	0	0	0	0
Bedfordia arborescens	Blanket Leaf	Asteraceae	TAS	shrub	rainforest	0	compiled_estimate_v2	1	1	0	0	0	0	0	0	0	0	0	0	0	0	1	1	0	0	0	0	0	0	0	0	0	0	0	0	0	0	1	1	0	0	0	0
Ozothamnus ferrugineus	Tree Everlasting	Asteraceae	TAS	shrub	woodland	0	compiled_estimate_v2	1	1	0	0	0	0	0	0	0	0	0	0	0	0	1	0	0	0	0	0	0	0	0	0	0	0	0	0	0	0	1	0	0	0	0	0
Ozothamnus hookeri	Kerosene Bush	Asteraceae	TAS	shrub	alpine	1	compiled_estimate_v2	1	1	0	0	0	0	0	0	0	0	0	1	0	0	1	0	0	0	0	0	0	0	0	0	0	0	0	0	0	0	1	0	0	0	0	0
Ozothamnus ledifolius	Kerosen Bush	Asteraceae	TAS	shrub	alpine	1	compiled_estimate_v2	1	1	0	0	0	0	0	0	0	0	0	1	0	0	1	0	0	0	0	0	0	0	0	0	0	0	0	0	0	0	1	0	0	0	0	0
Ozothamnus rosmarinifolius	Rosemary Everlasting	Asteraceae	TAS	shrub	alpine	0	compiled_estimate_v2	1	1	0	0	0	0	0	0	0	0	0	1	0	0	1	0	0	0	0	0	0	0	0	0	0	0	0	0	0	0	1	0	0	0	0	0
Ozothamnus obcordatus	Ovens Everlasting	Asteraceae	TAS	shrub	heath	0	compiled_estimate_v2	1	1	0	0	0	0	0	0	0	0	1	1	0	0	1	1	0	0	0	0	0	0	0	0	0	0	0	0	0	0	1	1	0	0	0	0
Cassinia aculeata	Dolly Bush	Asteraceae	TAS	shrub	woodland	0	compiled_estimate_v2	1	1	0	0	0	0	0	0	0	0	0	0	0	0	1	1	0	0	0	0	0	0	0	0	0	0	0	0	0	0	1	1	0	0	0	0
Cassinia longifolia	Shiny Cassinia	Asteraceae	TAS	shrub	woodland	0	compiled_estimate_v2	1	1	0	0	0	0	0	0	0	0	1	1	0	0	1	1	0	0	0	0	0	0	0	0	0	0	0	0	0	0	1	1	0	0	0	0
Acacia dealbata	Silver Wattle	Fabaceae	TAS	tree	woodland	0	compiled_estimate_v2	0	0	0	0	0	0	1	1	1	0	0	0	0	0	0	0	0	0	0	0	0	1	1	1	0	0	0	0	0	0	0	0	0	0	0	0
Acacia melanoxylon	Blackwood	Fabaceae	TAS	tree	rainforest	0	compiled_estimate_v2	0	0	0	0	0	0	0	1	1	1	0	0	1	0	0	0	0	0	0	0	0	0	1	1	0	0	0	0	0	0	0	0	0	0	0	0
Acacia pataczekii	Pataczek's Wattle	Fabaceae	TAS	shrub	woodland	1	compiled_estimate_v2	0	0	0	0	0	0	1	1	1	0	0	0	0	0	0	0	0	0	0	0	0	1	1	1	0	0	0	0	0	0	0	0	0	0	0	0
Acacia axillaris	Midlands Wattle	Fabaceae	TAS	shrub	woodland	1	compiled_estimate_v2	0	0	0	0	0	0	0	1	1	1	0	0	1	0	0	0	0	0	0	0	0	0	1	1	0	0	0	0	0	0	0	0	0	0	0	0
Acacia riceana	Rice's Wattle	Fabaceae	TAS	shrub	woodland	1	compiled_estimate_v2	0	0	0	0	0	0	0	0	1	1	1	0	1	0	0	0	0	0	0	0	0	0	0	1	0	0	0	0	0	0	0	0	0	0	0	0
Acacia siculiformis	Dagger Wattle	Fabaceae	TAS	shrub	alpine	1	compiled_estimate_v2	0	0	0	0	0	0	0	0	1	1	1	0	1	0	0	0	0	0	0	0	0	0	0	1	0	0	0	0	0	0	0	0	0	0	0	0
Acacia mucronata	Narrow-leaf Wattle	Fabaceae	TAS	shrub	woodland	0	compiled_estimate_v2	0	0	0	0	0	0	0	1	1	1	0	0	1	0	0	0	0	0	0	0	0	0	1	1	0	0	0	0	0	0	0	0	0	0	0	0
Acacia verticillata	Prickly Moses	Fabaceae	TAS	shrub	heath	0	compiled_estimate_v2	0	0	0	0	0	0	0	0	1	1	1	0	1	0	0	0	0	0	0	0	0	0	0	1	0	0	0	0	0	0	0	0	0	0	0	0
Acacia stricta	Hop Wattle	Fabaceae	TAS	shrub	woodland	0	compiled_estimate_v2	0	0	0	0	0	0	0	0	1	1	1	0	1	0	0	0	0	0	0	0	0	0	0	1	0	0	0	0	0	0	0	0	0	0	0	0
Acacia genistifolia	Spreading Wattle	Fabaceae	TAS	shrub	woodland	0	compiled_estimate_v2	0	0	0	0	0	0	0	1	1	0	0	0	0	0	0	0	0	0	0	0	1	1	0	0	0	0	0	0	0	0	0	0	0	0	0	0
Acacia suaveolens	Sweet Wattle	Fabaceae	TAS	shrub	coastal	0	compiled_estimate_v2	0	0	0	0	0	0	0	1	1	1	0	0	1	0	0	0	0	0	0	0	0	0	1	1	0	0	0	0	0	0	0	0	0	0	0	0
Acacia myrtifolia	Myrtle Wattle	Fabaceae	TAS	shrub	heath	0	compiled_estimate_v2	0	0	0	0	0	0	0	0	1	1	1	0	1	0	0	0	0	0	0	0	0	0	0	1	0	0	0	0	0	0	0	0	0	0	0	0
Acacia dodonaeifolia	Sticky Wattle	Fabaceae	TAS	shrub	woodland	0	compiled_estimate_v2	0	0	0	0	0	0	0	0	1	1	1	0	1	0	0	0	0	0	0	0	0	0	0	1	0	0	0	0	0	0	0	0	0	0	0	0
Lomatia tinctoria	Guitar Plant	Proteaceae	TAS	shrub	heath	1	compiled_estimate_v2	0	0	0	0	0	0	0	0	0	0	1	1	1	1	0	0	0	0	0	0	0	0	0	0	0	0	0	0	1	1	0	0	0	0	0	0
Lomatia polymorpha	Mountain Guitar Plant	Proteaceae	TAS	shrub	alpine	1	compiled_estimate_v2	0	0	0	0	0	0	0	0	0	1	1	1	1	1	0	0	0	0	0	0	0	0	0	0	0	0	0	0	1	1	0	0	0	0	0	0
Lomatia fraxinifolia	Ash-leaved Lomatia	Proteaceae	TAS	shrub	rainforest	1	compiled_estimate_v2	0	0	0	0	0	0	0	0	1	1	1	0	1	0	0	0	0	0	0	0	0	0	0	1	0	0	0	0	0	0	0	0	0	0	0	0
Richea pandanifolia	Giant Grass Tree	Ericaceae	TAS	shrub	alpine	1	compiled_estimate_v2	1	1	0	0	0	0	0	0	0	0	0	1	0	0	1	1	0	0	0	0	0	0	0	0	0	0	0	0	1	1	0	0	0	0	0	0
Richea scoparia	Candle Heath	Ericaceae	TAS	shrub	alpine	1	compiled_estimate_v2	1	0	0	0	0	0	0	0	0	0	1	1	0	1	1	0	0	0	0	0	0	0	0	0	0	0	0	0	1	1	0	0	0	0	0	0
Richea dracophylla	Dragon Heath	Ericaceae	TAS	shrub	alpine	1	compiled_estimate_v2	1	1	0	0	0	0	0	0	0	0	0	0	0	0	1	0	0	0	0	0	0	0	0	0	0	0	0	0	0	1	0	0	0	0	0	0
Richea sprengelioides	Richea	Ericaceae	TAS	shrub	alpine	1	compiled_estimate_v2	1	1	0	0	0	0	0	0	0	0	0	1	0	0	1	0	0	0	0	0	0	0	0	0	0	0	0	0	0	1	0	0	0	0	0	0
Richea acerosa	Richea	Ericaceae	TAS	shrub	alpine	1	compiled_estimate_v2	1	0	0	0	0	0	0	0	0	0	1	1	0	1	1	0	0	0	0	0	0	0	0	0	0	0	0	0	1	1	0	0	0	0	0	0
Richea milliganii	Milligan's Richea	Ericaceae	TAS	shrub	alpine	1	compiled_estimate_v2	1	1	0	0	0	0	0	0	0	0	0	1	0	0	1	0	0	0	0	0	0	0	0	0	0	0	0	0	0	1	0	0	0	0	0	0
Richea procera	Richea	Ericaceae	TAS	shrub	alpine	1	compiled_estimate_v2	1	1	0	0	0	0	0	0	0	0	0	1	0	0	1	0	0	0	0	0	0	0	0	0	0	0	0	0	0	1	0	0	0	0	0	0
Richea gunnii	Gunn's Richea	Ericaceae	TAS	shrub	alpine	1	compiled_estimate_v2	1	1	0	0	0	0	0	0	0	0	0	1	0	0	1	0	0	0	0	0	0	0	0	0	0	0	0	0	0	1	0	0	0	0	0	0
Richea curtisiae	Curtis' Richea	Ericaceae	TAS	shrub	alpine	1	compiled_estimate_v2	1	1	0	0	0	0	0	0	0	0	0	1	0	0	1	0	0	0	0	0	0	0	0	0	0	0	0	0	0	1	0	0	0	0	0	0
Athrotaxis cupressoides	Pencil Pine	Cupressaceae	TAS	tree	alpine	1	compiled_estimate_v2	0	0	0	0	0	0	0	0	0	1	1	0	0	1	1	0	0	0	0	0	0	0	0	0	0	0	0	0	1	1	0	0	0	0	0	0
Athrotaxis selaginoides	King Billy Pine	Cupressaceae	TAS	tree	rainforest	1	compiled_estimate_v2	0	0	0	0	0	0	0	0	0	1	1	0	0	1	1	0	0	0	0	0	0	0	0	0	0	0	0	0	1	1	0	0	0	0	0	0
Athrotaxis laxifolia	Summit Pine	Cupressaceae	TAS	tree	alpine	1	compiled_estimate_v2	0	0	0	0	0	0	0	0	0	1	1	0	0	1	1	0	0	0	0	0	0	0	0	0	0	0	0	0	1	1	0	0	0	0	0	0
Diselma archeri	Cheshunt Pine	Cupressaceae	TAS	shrub	alpine	1	compiled_estimate_v2	0	0	0	0	0	0	0	0	0	1	1	0	0	1	1	0	0	0	0	0	0	0	0	0	0	0	0	0	1	1	0	0	0	0	0	0
Lagarostrobos franklinii	Huon Pine	Podocarpaceae	TAS	tree	rainforest	1	compiled_estimate_v2	0	0	0	0	0	0	0	0	0	1	0	0	0	1	0	0	0	0	0	0	0	0	0	0	0	0	0	0	0	1	0	0	0	0	0	0
Phyllocladus aspleniifolius	Celery-top Pine	Podocarpaceae	TAS	tree	rainforest	1	compiled_estimate_v2	0	0	0	0	0	0	0	0	0	1	1	0	0	1	1	0	0	0	0	0	0	0	0	0	0	0	0	0	1	1	0	0	0	0	0	0
Microcachrys tetragona	Creeping Pine	Podocarpaceae	TAS	shrub	alpine	1	compiled_estimate_v2	0	0	0	0	0	0	0	0	0	1	1	0	0	1	1	0	0	0	0	0	0	0	0	0	0	0	0	0	1	1	0	0	0	0	0	0
Microstrobos niphophilus	Alpine Pine	Podocarpaceae	TAS	shrub	alpine	1	compiled_estimate_v2	0	0	0	0	0	0	0	0	0	1	1	0	0	1	1	0	0	0	0	0	0	0	0	0	0	0	0	0	1	1	0	0	0	0	0	0
Pherosphaera hookeriana	Mount Mawson Pine	Podocarpaceae	TAS	shrub	alpine	1	compiled_estimate_v2	0	0	0	0	0	0	0	0	0	1	1	0	0	1	1	0	0	0	0	0	0	0	0	0	0	0	0	0	1	1	0	0	0	0	0	0
Eucryphia lucida	Leatherwood	Cunoniaceae	TAS	tree	rainforest	1	compiled_estimate_v2	1	1	0	0	0	0	0	0	0	0	0	0	0	0	1	1	0	0	0	0	0	0	0	0	0	0	0	0	0	1	1	0	0	0	0	0
Eucryphia milliganii	Mountain Leatherwood	Cunoniaceae	TAS	shrub	alpine	1	compiled_estimate_v2	0	1	1	0	0	0	0	0	0	0	0	0	0	0	0	1	1	0	0	0	0	0	0	0	0	0	0	0	0	0	1	1	0	0	0	0
Callistemon viridiflorus	Green Bottlebrush	Myrtaceae	TAS	shrub	heath	1	compiled_estimate_v2	1	0	0	0	0	0	0	0	0	0	1	1	0	1	1	0	0	0	0	0	0	0	0	0	0	0	0	0	1	1	0	0	0	0	0	0
Callistemon pallidus	Lemon Bottlebrush	Myrtaceae	TAS	shrub	woodland	0	compiled_estimate_v2	1	1	0	0	0	0	0	0	0	0	1	1	0	1	1	0	0	0	0	0	0	0	0	0	0	0	0	0	1	1	0	0	0	0	0	0
Correa lawrenceana	Mountain Correa	Rutaceae	TAS	shrub	rainforest	0	compiled_estimate_v2	0	0	1	1	1	0	0	0	0	0	0	0	0	0	0	0	0	1	1	0	0	0	0	0	0	0	0	0	0	0	0	0	1	1	0	0
Correa backhouseana	Correa	Rutaceae	TAS	shrub	coastal	0	compiled_estimate_v2	0	0	1	1	1	0	0	0	0	0	0	0	0	0	0	0	0	1	1	0	0	0	0	0	0	0	0	0	0	0	0	0	1	1	0	0
Correa alba	White Correa	Rutaceae	TAS	shrub	coastal	0	compiled_estimate_v2	0	0	0	0	0	0	0	0	0	1	1	1	1	1	0	0	0	0	0	0	0	0	0	0	0	0	0	0	1	1	0	0	0	0	0	0
Correa reflexa	Common Correa	Rutaceae	TAS	shrub	woodland	0	compiled_estimate_v2	0	0	1	1	1	1	1	1	1	1	1	0	1	1	1	1	1	1	1	1	1	0	0	1	0	0	0	0	1	1	1	1	1	0	0	0
Billardiera longiflora	Purple Appleberry	Pittosporaceae	TAS	climber	rainforest	0	compiled_estimate_v2	0	0	0	0	0	0	0	0	0	0	1	1	1	1	0	0	0	0	0	0	0	0	0	0	0	0	0	0	1	1	0	0	0	0	0	0
Billardiera scandens	Apple Berry	Pittosporaceae	TAS	climber	woodland	0	compiled_estimate_v2	0	0	0	0	0	0	1	1	1	1	1	1	1	1	0	0	0	0	0	0	0	0	0	1	0	0	0	0	1	1	0	0	0	0	0	0
Billardiera fusiformis	Australian Bluebell	Pittosporaceae	TAS	climber	coastal	0	compiled_estimate_v2	0	0	0	0	0	0	1	1	1	1	1	1	1	1	0	0	0	0	0	0	0	0	0	1	0	0	0	0	1	1	0	0	0	0	0	0
Anopterus glandulosus	Native Laurel	Escalloniaceae	TAS	shrub	rainforest	1	compiled_estimate_v2	0	0	0	0	0	0	0	0	0	0	1	1	1	1	0	0	0	0	0	0	0	0	0	0	0	0	0	0	1	1	0	0	0	0	0	0
Anopterus glandulosus var. diversifolius	Mountain Laurel	Escalloniaceae	TAS	shrub	alpine	1	compiled_estimate_v2	0	0	0	0	0	0	0	0	0	0	1	1	1	1	0	0	0	0	0	0	0	0	0	0	0	0	0	0	1	1	0	0	0	0	0	0
Prionotes cerinthoides	Climbing Heath	Ericaceae	TAS	climber	alpine	1	compiled_estimate_v2	1	1	0	0	0	0	0	0	0	0	0	1	0	0	1	0	0	0	0	0	0	0	0	0	0	0	0	0	0	1	0	0	0	0	0	0
Epacris impressa	Common Heath	Ericaceae	TAS	shrub	heath	0	compiled_estimate_v2	1	1	1	1	0	0	0	0	1	1	1	1	0	0	0	0	0	0	0	0	0	0	0	1	0	0	0	0	0	0	0	0	0	0	0	0
Epacris lanuginosa	Woolly Heath	Ericaceae	TAS	shrub	heath	1	compiled_estimate_v2	0	0	0	0	0	1	1	1	1	0	0	0	0	0	0	0	0	0	0	0	0	1	1	0	0	0	0	0	0	0	0	0	0	0	0	0
Epacris serpyllifolia	Thyme Heath	Ericaceae	TAS	shrub	alpine	1	compiled_estimate_v2	1	1	0	0	0	0	0	0	0	0	0	1	0	0	1	0	0	0	0	0	0	0	0	0	0	0	0	0	0	1	0	0	0	0	0	0
Epacris gunnii	Pink Heath	Ericaceae	TAS	shrub	heath	1	compiled_estimate_v2	1	1	1	0	0	0	0	0	0	0	1	1	0	0	0	1	0	0	0	0	0	0	0	0	0	0	0	0	0	0	1	0	0	0	0	0
Epacris exserta	South Esk Heath	Ericaceae	TAS	shrub	woodland	1	compiled_estimate_v2	0	0	0	0	0	0	1	1	1	0	0	0	0	0	0	0	0	0	0	0	0	1	1	1	0	0	0	0	0	0	0	0	0	0	0	0
Epacris marginata	Margined Heath	Ericaceae	TAS	shrub	heath	1	compiled_estimate_v2	0	0	0	0	0	1	1	1	1	0	0	0	0	0	0	0	0	0	0	0	0	1	1	0	0	0	0	0	0	0	0	0	0	0	0	0
Epacris mucronulata	Mountain Heath	Ericaceae	TAS	shrub	alpine	1	compiled_estimate_v2	1	1	0	0	0	0	0	0	0	0	0	1	0	0	1	0	0	0	0	0	0	0	0	0	0	0	0	0	0	1	0	0	0	0	0	0
Epacris petrophila	Alpine Heath	Ericaceae	TAS	shrub	alpine	0	compiled_estimate_v2	1	1	0	0	0	0	0	0	0	0	0	1	0	0	1	0	0	0	0	0	0	0	0	0	0	0	0	0	0	1	0	0	0	0	0	0
Epacris tasmanica	Tasman Heath	Ericaceae	TAS	shrub	heath	1	compiled_estimate_v2	1	1	1	1	0	0	0	0	1	1	1	1	0	0	0	0	0	0	0	0	0	0	0	1	0	0	0	0	0	0	0	0	0	0	0	0
Epacris virgata	Twiggy Heath	Ericaceae	TAS	shrub	alpine	1	compiled_estimate_v2	1	1	0	0	0	0	0	0	0	0	0	1	0	0	1	0	0	0	0	0	0	0	0	0	0	0	0	0	0	1	0	0	0	0	0	0
Archeria hirtella	Hairy Archeria	Ericaceae	TAS	shrub	alpine	1	compiled_estimate_v2	0	0	0	0	0	0	0	0	0	1	1	1	1	1	0	0	0	0	0	0	0	0	0	0	0	0	0	0	1	1	0	0	0	0	0	0
Archeria serpyllifolia	Thyme Archeria	Ericaceae	TAS	shrub	alpine	1	compiled_estimate_v2	0	0	0	0	0	0	0	0	0	1	1	1	1	1	0	0	0	0	0	0	0	0	0	0	0	0	0	0	1	1	0	0	0	0	0	0
Archeria comberi	Comber's Archeria	Ericaceae	TAS	shrub	alpine	1	compiled_estimate_v2	0	0	0	0	0	0	0	0	0	1	1	1	1	1	0	0	0	0	0	0	0	0	0	0	0	0	0	0	1	1	0	0	0	0	0	0
Archeria eriocarpa	Woolly Archeria	Ericaceae	TAS	shrub	alpine	1	compiled_estimate_v2	0	0	0	0	0	0	0	0	0	1	1	1	1	1	0	0	0	0	0	0	0	0	0	0	0	0	0	0	1	1	0	0	0	0	0	0
Trochocarpa cunninghamii	Native Cranberry	Ericaceae	TAS	shrub	rainforest	0	compiled_estimate_v2	0	0	0	0	0	0	0	0	0	1	1	1	1	1	0	0	0	0	0	0	0	0	0	0	0	0	0	0	1	1	0	0	0	0	0	0
Trochocarpa gunnii	Mountain Sweetberry	Ericaceae	TAS	shrub	alpine	1	compiled_estimate_v2	0	0	0	0	0	0	0	0	0	1	1	1	1	1	0	0	0	0	0	0	0	0	0	0	0	0	0	0	1	1	0	0	0	0	0	0
Trochocarpa disticha	Spreading Sweetberry	Ericaceae	TAS	shrub	heath	1	compiled_estimate_v2	0	0	0	0	0	0	0	0	0	1	1	1	1	1	0	0	0	0	0	0	0	0	0	0	0	0	0	0	1	1	0	0	0	0	0	0
Cyathodes glauca	Pursefruit	Ericaceae	TAS	shrub	heath	0	compiled_estimate_v2	0	0	0	0	0	0	0	0	0	1	1	1	1	1	0	0	0	0	0	0	0	0	0	0	0	0	0	0	1	1	0	0	0	0	0	0
Cyathodes straminea	Mountain Cyathodes	Ericaceae	TAS	shrub	alpine	1	compiled_estimate_v2	1	1	0	0	0	0	0	0	0	0	0	0	0	0	1	1	0	0	0	0	0	0	0	0	0	0	0	0	0	1	1	0	0	0	0	0
Cyathodes petiolaris	Alpine Cheeseberry	Ericaceae	TAS	shrub	alpine	1	compiled_estimate_v2	1	1	0	0	0	0	0	0	0	0	0	0	0	0	1	1	0	0	0	0	0	0	0	0	0	0	0	0	0	1	1	0	0	0	0	0
Cyathodes parvifolia	Small-leaf Cheeseberry	Ericaceae	TAS	shrub	heath	1	compiled_estimate_v2	1	1	0	0	0	0	0	0	0	0	0	0	0	0	1	1	0	0	0	0	0	0	0	0	0	0	0	0	0	1	1	0	0	0	0	0
Gaultheria hispida	Snow Berry	Ericaceae	TAS	shrub	alpine	1	compiled_estimate_v2	0	0	0	0	0	0	0	0	0	1	1	1	1	1	0	0	0	0	0	0	0	0	0	0	0	0	0	0	1	1	0	0	0	0	0	0
Gaultheria depressa	Mountain Snowberry	Ericaceae	TAS	shrub	alpine	0	compiled_estimate_v2	0	0	0	0	0	0	0	0	0	1	1	1	1	1	0	0	0	0	0	0	0	0	0	0	0	0	0	0	1	1	0	0	0	0	0	0
Sprengelia incarnata	Pink Swamp Heath	Ericaceae	TAS	shrub	heath	0	compiled_estimate_v2	1	0	0	0	0	0	0	0	0	0	1	1	0	1	0	0	0	0	0	0	0	0	0	0	0	0	0	0	0	1	0	0	0	0	0	0
Sprengelia montana	Alpine Sprengelia	Ericaceae	TAS	shrub	alpine	1	compiled_estimate_v2	1	1	0	0	0	0	0	0	0	0	0	1	0	0	1	0	0	0	0	0	0	0	0	0	0	0	0	0	0	1	0	0	0	0	0	0
Sprengelia distichophylla	Mountain Sprengelia	Ericaceae	TAS	shrub	alpine	1	compiled_estimate_v2	1	1	0	0	0	0	0	0	0	0	0	1	0	0	1	0	0	0	0	0	0	0	0	0	0	0	0	0	0	1	0	0	0	0	0	0
Leucopogon collinus	Bearded Heath	Ericaceae	TAS	shrub	heath	1	compiled_estimate_v2	0	0	0	0	0	0	0	0	0	1	1	1	1	1	0	0	0	0	0	0	0	0	0	0	0	0	0	0	1	1	0	0	0	0	0	0
Leucopogon lanceolatus	Lance Beard-heath	Ericaceae	TAS	shrub	woodland	0	compiled_estimate_v2	0	0	0	0	0	0	0	0	0	1	1	1	1	1	0	0	0	0	0	0	0	0	0	0	0	0	0	0	1	1	0	0	0	0	0	0
Leucopogon virgatus	Common Beard-heath	Ericaceae	TAS	shrub	heath	0	compiled_estimate_v2	0	0	0	0	0	0	0	0	1	1	1	0	1	0	0	0	0	0	0	0	0	0	0	1	0	0	0	0	0	0	0	0	0	0	0	0
Leucopogon parviflorus	Coastal Beard-heath	Ericaceae	TAS	shrub	coastal	0	compiled_estimate_v2	0	0	0	0	0	0	0	0	0	1	1	1	1	1	0	0	0	0	0	0	0	0	0	0	0	0	0	0	1	1	0	0	0	0	0	0
Leucopogon australis	Spike Beard-heath	Ericaceae	TAS	shrub	coastal	0	compiled_estimate_v2	0	0	0	0	0	0	0	0	0	1	1	1	1	1	0	0	0	0	0	0	0	0	0	0	0	0	0	0	1	1	0	0	0	0	0	0
Monotoca glauca	Golden Wood	Ericaceae	TAS	shrub	woodland	0	compiled_estimate_v2	0	0	0	0	0	0	0	0	0	1	1	1	1	1	0	0	0	0	0	0	0	0	0	0	0	0	0	0	1	1	0	0	0	0	0	0
Monotoca scoparia	Prickly Monotoca	Ericaceae	TAS	shrub	heath	0	compiled_estimate_v2	0	0	0	0	0	0	0	0	0	0	1	1	1	1	0	0	0	0	0	0	0	0	0	0	0	0	0	0	1	1	0	0	0	0	0	0
Monotoca elliptica	Tree Broom-heath	Ericaceae	TAS	shrub	woodland	0	compiled_estimate_v2	0	0	0	0	0	0	0	0	0	0	1	1	1	1	0	0	0	0	0	0	0	0	0	0	0	0	0	0	1	1	0	0	0	0	0	0
Acrotriche serrulata	Honey-pots	Ericaceae	TAS	shrub	heath	0	compiled_estimate_v2	0	0	0	0	0	0	0	0	1	1	1	0	1	0	0	0	0	0	0	0	0	0	0	1	0	0	0	0	0	0	0	0	0	0	0	0
Brachyloma ciliatum	Fringed Brachyloma	Ericaceae	TAS	shrub	heath	0	compiled_estimate_v2	0	0	0	0	0	0	0	0	0	1	1	1	1	1	0	0	0	0	0	0	0	0	0	0	0	0	0	0	1	1	0	0	0	0	0	0
Melichrus urceolatus	Urn Heath	Ericaceae	TAS	shrub	heath	0	compiled_estimate_v2	0	0	0	0	0	0	0	0	1	1	1	0	1	0	0	0	0	0	0	0	0	0	0	1	0	0	0	0	0	0	0	0	0	0	0	0
Astroloma humifusum	Cranberry Heath	Ericaceae	TAS	shrub	heath	0	compiled_estimate_v2	0	0	0	0	0	0	0	0	1	1	1	0	1	0	0	0	0	0	0	0	0	0	0	1	0	0	0	0	0	0	0	0	0	0	0	0
Pultenaea juniperina	Prickly Beauty	Fabaceae	TAS	shrub	heath	0	compiled_estimate_v2	0	0	0	0	0	0	0	0	0	1	1	1	1	1	0	0	0	0	0	0	0	0	0	0	0	0	0	0	1	1	0	0	0	0	0	0
Pultenaea daphnoides	Heart-leaved Bush-pea	Fabaceae	TAS	shrub	woodland	0	compiled_estimate_v2	0	0	0	0	0	0	0	0	1	1	1	0	1	0	0	0	0	0	0	0	0	0	0	1	0	0	0	0	0	0	0	0	0	0	0	0
Pultenaea gunnii	Gunn's Bush-pea	Fabaceae	TAS	shrub	heath	1	compiled_estimate_v2	0	0	0	0	0	0	0	0	0	1	1	1	1	1	0	0	0	0	0	0	0	0	0	0	0	0	0	0	1	1	0	0	0	0	0	0
Pultenaea pedunculata	Matted Bush-pea	Fabaceae	TAS	shrub	heath	0	compiled_estimate_v2	0	0	0	0	0	0	0	0	0	1	1	1	1	1	0	0	0	0	0	0	0	0	0	0	0	0	0	0	1	1	0	0	0	0	0	0
Pultenaea prostrata	Prostrate Bush-pea	Fabaceae	TAS	shrub	heath	1	compiled_estimate_v2	0	0	0	0	0	0	0	0	0	1	1	1	1	1	0	0	0	0	0	0	0	0	0	0	0	0	0	0	1	1	0	0	0	0	0	0
Daviesia ulicifolia	Gorse Bitter-pea	Fabaceae	TAS	shrub	woodland	0	compiled_estimate_v2	0	0	0	0	0	0	0	0	0	1	1	1	1	1	0	0	0	0	0	0	0	0	0	0	0	0	0	0	1	1	0	0	0	0	0	0
Daviesia latifolia	Hop Bitter-pea	Fabaceae	TAS	shrub	woodland	0	compiled_estimate_v2	0	0	0	0	0	0	0	0	0	1	1	1	1	1	0	0	0	0	0	0	0	0	0	0	0	0	0	0	1	1	0	0	0	0	0	0
Bossiaea cinerea	Showy Bossiaea	Fabaceae	TAS	shrub	heath	0	compiled_estimate_v2	0	0	0	0	0	0	0	0	0	1	1	1	1	1	0	0	0	0	0	0	0	0	0	0	0	0	0	0	1	1	0	0	0	0	0	0
Bossiaea prostrata	Creeping Bossiaea	Fabaceae	TAS	shrub	heath	0	compiled_estimate_v2	0	0	0	0	0	0	0	0	0	1	1	1	1	1	0	0	0	0	0	0	0	0	0	0	0	0	0	0	1	1	0	0	0	0	0	0
Bossiaea cordigera	Wiry Bossiaea	Fabaceae	TAS	shrub	heath	0	compiled_estimate_v2	0	0	0	0	0	0	0	0	0	1	1	1	1	1	0	0	0	0	0	0	0	0	0	0	0	0	0	0	1	1	0	0	0	0	0	0
Platylobium obtusangulum	Common Flat-pea	Fabaceae	TAS	shrub	heath	0	compiled_estimate_v2	0	0	0	0	0	0	0	0	1	1	1	0	1	0	0	0	0	0	0	0	0	0	0	1	0	0	0	0	0	0	0	0	0	0	0	0
Platylobium triangulare	Ivy Flat-pea	Fabaceae	TAS	shrub	heath	0	compiled_estimate_v2	0	0	0	0	0	0	0	0	1	1	1	0	1	0	0	0	0	0	0	0	0	0	0	1	0	0	0	0	0	0	0	0	0	0	0	0
Goodia lotifolia	Golden Tip	Fabaceae	TAS	shrub	woodland	0	compiled_estimate_v2	0	0	0	0	0	0	0	0	1	1	1	0	1	0	0	0	0	0	0	0	0	0	0	1	0	0	0	0	0	0	0	0	0	0	0	0
Goodia medicaginea	Western Golden Tip	Fabaceae	TAS	shrub	woodland	0	compiled_estimate_v2	0	0	0	0	0	0	0	0	1	1	1	0	1	0	0	0	0	0	0	0	0	0	0	1	0	0	0	0	0	0	0	0	0	0	0	0
Kennedia prostrata	Running Postman	Fabaceae	TAS	shrub	heath	0	compiled_estimate_v2	1	1	1	0	0	0	0	0	0	0	0	1	0	0	0	1	1	0	0	0	0	0	0	0	0	0	0	0	0	0	1	1	0	0	0	0
Kennedia rubicunda	Dusky Coral Pea	Fabaceae	TAS	climber	woodland	0	compiled_estimate_v2	0	0	0	0	0	0	0	0	0	1	1	1	1	1	0	0	0	0	0	0	0	0	0	0	0	0	0	0	1	1	0	0	0	0	0	0
Hardenbergia violacea	Purple Coral-pea	Fabaceae	TAS	climber	woodland	0	compiled_estimate_v2	0	0	0	0	0	0	0	0	0	1	1	1	1	1	0	0	0	0	0	0	0	0	0	0	0	0	0	0	1	1	0	0	0	0	0	0
Indigofera australis	Australian Indigo	Fabaceae	TAS	shrub	woodland	0	compiled_estimate_v2	0	0	0	0	0	0	0	0	0	1	1	1	1	1	0	0	0	0	0	0	0	0	0	0	0	0	0	0	1	1	0	0	0	0	0	0
Swainsona lesseritiifolia	Mountain Swainsona	Fabaceae	TAS	shrub	alpine	1	compiled_estimate_v2	1	1	0	0	0	0	0	0	0	0	0	1	0	0	1	0	0	0	0	0	0	0	0	0	0	0	0	0	0	1	0	0	0	0	0	0
Glycine clandestina	Twining Glycine	Fabaceae	TAS	climber	woodland	0	compiled_estimate_v2	1	1	1	0	0	0	0	0	0	0	1	1	0	0	0	1	1	0	0	0	0	0	0	0	0	0	0	0	0	0	1	1	0	0	0	0
Desmodium varians	Slender Tick-trefoil	Fabaceae	TAS	herb	woodland	0	compiled_estimate_v2	1	1	1	0	0	0	0	0	0	0	1	1	0	0	0	1	1	0	0	0	0	0	0	0	0	0	0	0	0	0	1	1	0	0	0	0
Hakea lissosperma	Mountain Needlewood	Proteaceae	TAS	shrub	alpine	0	compiled_estimate_v2	0	0	0	0	0	0	0	0	1	1	1	0	1	0	0	0	0	0	0	0	0	0	0	1	0	0	0	0	0	0	0	0	0	0	0	0
Hakea epiglottis	Beaked Hakea	Proteaceae	TAS	shrub	heath	1	compiled_estimate_v2	0	0	0	0	0	0	0	0	0	0	1	1	1	1	0	0	0	0	0	0	0	0	0	0	0	0	0	0	1	1	0	0	0	0	0	0
Hakea megadenia	Big-gland Hakea	Proteaceae	TAS	shrub	heath	1	compiled_estimate_v2	0	0	0	0	0	0	0	0	0	0	1	1	1	1	0	0	0	0	0	0	0	0	0	0	0	0	0	0	1	1	0	0	0	0	0	0
Hakea microcarpa	Small-fruit Hakea	Proteaceae	TAS	shrub	alpine	0	compiled_estimate_v2	0	0	0	0	0	0	0	0	1	1	1	0	1	0	0	0	0	0	0	0	0	0	0	1	0	0	0	0	0	0	0	0	0	0	0	0
Hakea nodosa	Yellow Hakea	Proteaceae	TAS	shrub	heath	0	compiled_estimate_v2	0	0	0	0	0	0	0	0	1	1	1	0	1	0	0	0	0	0	0	0	0	0	0	1	0	0	0	0	0	0	0	0	0	0	0	0
Hakea teretifolia	Needle Hakea	Proteaceae	TAS	shrub	heath	0	compiled_estimate_v2	0	0	0	0	0	0	0	0	0	1	1	1	1	1	0	0	0	0	0	0	0	0	0	0	0	0	0	0	1	1	0	0	0	0	0	0
Hakea ulicina	Furze Hakea	Proteaceae	TAS	shrub	woodland	0	compiled_estimate_v2	0	0	0	0	0	0	0	0	0	0	1	1	1	1	0	0	0	0	0	0	0	0	0	0	0	0	0	0	1	1	0	0	0	0	0	0
Grevillea australis	Alpine Grevillea	Proteaceae	TAS	shrub	alpine	0	compiled_estimate_v2	1	1	0	0	0	0	0	0	0	0	0	1	0	0	1	0	0	0	0	0	0	0	0	0	0	0	0	0	0	1	0	0	0	0	0	0
Grevillea linearis	Grevillea	Proteaceae	TAS	shrub	alpine	1	compiled_estimate_v2	1	1	0	0	0	0	0	0	0	0	0	0	0	0	1	1	0	0	0	0	0	0	0	0	0	0	0	0	0	1	1	0	0	0	0	0
Grevillea chrysophaea	Golden Grevillea	Proteaceae	TAS	shrub	heath	0	compiled_estimate_v2	0	0	0	0	0	0	0	0	0	1	1	1	1	1	0	0	0	0	0	0	0	0	0	0	0	0	0	0	1	1	0	0	0	0	0	0
Grevillea juniperina	Juniper Grevillea	Proteaceae	TAS	shrub	woodland	0	compiled_estimate_v2	0	0	0	0	0	0	0	0	0	1	1	1	1	1	0	0	0	0	0	0	0	0	0	0	0	0	0	0	1	1	0	0	0	0	0	0
Cenarrhenes nitida	Native Plum	Proteaceae	TAS	shrub	rainforest	1	compiled_estimate_v2	0	0	0	0	0	0	0	0	0	1	1	1	1	1	0	0	0	0	0	0	0	0	0	0	0	0	0	0	1	1	0	0	0	0	0	0
Persoonia juniperina	Prickly Geebung	Proteaceae	TAS	shrub	heath	0	compiled_estimate_v2	1	1	0	0	0	0	0	0	0	0	0	0	0	0	1	1	0	0	0	0	0	0	0	0	0	0	0	0	0	1	1	0	0	0	0	0
Persoonia muelleri	Mueller's Geebung	Proteaceae	TAS	shrub	heath	1	compiled_estimate_v2	1	1	0	0	0	0	0	0	0	0	0	0	0	0	1	1	0	0	0	0	0	0	0	0	0	0	0	0	0	1	1	0	0	0	0	0
Persoonia gunnii	Gunn's Geebung	Proteaceae	TAS	shrub	heath	1	compiled_estimate_v2	1	1	0	0	0	0	0	0	0	0	0	0	0	0	1	1	0	0	0	0	0	0	0	0	0	0	0	0	0	1	1	0	0	0	0	0
Orites revoluta	Needle-leaf Orites	Proteaceae	TAS	shrub	alpine	1	compiled_estimate_v2	0	0	0	0	0	0	0	0	0	0	1	1	1	1	0	0	0	0	0	0	0	0	0	0	0	0	0	0	1	1	0	0	0	0	0	0
Orites diversifolius	Variable-leaf Orites	Proteaceae	TAS	shrub	alpine	1	compiled_estimate_v2	0	0	0	0	0	0	0	0	1	1	1	0	1	0	0	0	0	0	0	0	0	0	0	1	0	0	0	0	0	0	0	0	0	0	0	0
Orites milliganii	Milligan's Orites	Proteaceae	TAS	shrub	alpine	1	compiled_estimate_v2	0	0	0	0	0	0	0	0	0	1	1	1	1	1	0	0	0	0	0	0	0	0	0	0	0	0	0	0	1	1	0	0	0	0	0	0
Orites acicularis	Mountain Orites	Proteaceae	TAS	shrub	alpine	1	compiled_estimate_v2	0	0	0	0	0	0	0	0	0	0	1	1	1	1	0	0	0	0	0	0	0	0	0	0	0	0	0	0	1	1	0	0	0	0	0	0
Telopea truncata	Tasmanian Waratah	Proteaceae	TAS	shrub	alpine	1	compiled_estimate_v2	1	1	0	0	0	0	0	0	0	0	0	1	0	0	1	1	0	0	0	0	0	0	0	0	0	0	0	0	0	1	1	0	0	0	0	0
Agastachys odorata	White Waratah	Proteaceae	TAS	shrub	rainforest	1	compiled_estimate_v2	0	0	0	0	0	0	0	0	0	1	1	1	1	1	0	0	0	0	0	0	0	0	0	0	0	0	0	0	1	1	0	0	0	0	0	0
Bellendena montana	Mountain Rocket	Proteaceae	TAS	shrub	alpine	1	compiled_estimate_v2	1	1	0	0	0	0	0	0	0	0	0	1	0	0	1	0	0	0	0	0	0	0	0	0	0	0	0	0	0	1	0	0	0	0	0	0
Baeckea gunniana	Alpine Baeckea	Myrtaceae	TAS	shrub	alpine	1	compiled_estimate_v2	1	0	0	0	0	0	0	0	0	0	0	1	0	1	1	0	0	0	0	0	0	0	0	0	0	0	0	0	1	1	0	0	0	0	0	0
Baeckea utilis	Mountain Baeckea	Myrtaceae	TAS	shrub	alpine	1	compiled_estimate_v2	1	0	0	0	0	0	0	0	0	0	0	1	0	1	1	0	0	0	0	0	0	0	0	0	0	0	0	0	1	1	0	0	0	0	0	0
Kunzea ambigua	White Kunzea	Myrtaceae	TAS	shrub	heath	0	compiled_estimate_v2	0	0	0	0	0	0	0	0	0	0	1	1	1	1	0	0	0	0	0	0	0	0	0	0	0	0	0	0	1	1	0	0	0	0	0	0
Kunzea ericoides	Burgan	Myrtaceae	TAS	shrub	woodland	0	compiled_estimate_v2	1	1	0	0	0	0	0	0	0	0	0	0	0	0	1	1	0	0	0	0	0	0	0	0	0	0	0	0	0	1	1	0	0	0	0	0
Kunzea muelleri	Mueller's Kunzea	Myrtaceae	TAS	shrub	alpine	1	compiled_estimate_v2	1	1	0	0	0	0	0	0	0	0	0	1	0	0	1	1	0	0	0	0	0	0	0	0	0	0	0	0	0	1	1	0	0	0	0	0
Lophomyrtus billardierae	Ramarama	Myrtaceae	TAS	shrub	rainforest	1	compiled_estimate_v2	0	0	0	0	0	0	0	0	1	1	1	0	1	0	0	0	0	0	0	0	0	0	0	1	0	0	0	0	0	0	0	0	0	0	0	0
Tetratheca labillardierei	Glandular Pinkbells	Elaeocarpaceae	TAS	shrub	heath	1	compiled_estimate_v2	0	0	0	0	0	0	0	0	1	1	1	0	1	0	0	0	0	0	0	0	0	0	0	1	0	0	0	0	0	0	0	0	0	0	0	0
Tetratheca pilosa	Pink-bells	Elaeocarpaceae	TAS	shrub	heath	0	compiled_estimate_v2	0	0	0	0	0	0	0	0	0	0	1	1	1	1	0	0	0	0	0	0	0	0	0	0	0	0	0	0	1	1	0	0	0	0	0	0
Tetratheca ciliata	Pink-eyes	Elaeocarpaceae	TAS	shrub	heath	0	compiled_estimate_v2	0	0	0	0	0	0	0	0	0	0	1	1	1	1	0	0	0	0	0	0	0	0	0	0	0	0	0	0	1	1	0	0	0	0	0	0
Anodopetalum biglandulosum	Horizontal	Eucryphiaceae	TAS	shrub	rainforest	1	compiled_estimate_v2	0	0	0	0	0	0	0	0	0	0	1	1	1	1	0	0	0	0	0	0	0	0	0	0	0	0	0	0	1	1	0	0	0	0	0	0
Pittosporum bicolor	Cheesewood	Pittosporaceae	TAS	shrub	rainforest	0	compiled_estimate_v2	0	0	0	0	0	0	0	0	0	0	1	1	1	1	0	0	0	0	0	0	0	0	0	0	0	0	0	0	1	1	0	0	0	0	0	0
Pittosporum undulatum	Sweet Pittosporum	Pittosporaceae	TAS	tree	rainforest	0	compiled_estimate_v2	0	0	0	0	0	0	0	0	1	1	1	1	1	1	0	0	0	0	0	0	0	0	0	0	0	0	0	0	1	1	1	0	0	0	0	0
Bursaria spinosa	Sweet Bursaria	Pittosporaceae	TAS	shrub	woodland	0	compiled_estimate_v2	0	0	0	0	0	0	0	0	1	1	1	1	1	1	0	0	0	0	0	0	0	0	0	0	0	0	0	0	1	1	1	0	0	0	0	0
Coprosma nitida	Mountain Currant Bush	Rubiaceae	TAS	shrub	alpine	0	compiled_estimate_v2	0	0	0	0	0	0	0	0	0	0	1	1	1	1	0	0	0	0	0	0	0	0	0	0	0	0	0	0	1	1	0	0	0	0	0	0
Coprosma hirtella	Rough Coprosma	Rubiaceae	TAS	shrub	alpine	0	compiled_estimate_v2	0	0	0	0	0	0	0	0	0	0	1	1	1	1	0	0	0	0	0	0	0	0	0	0	0	0	0	0	1	1	0	0	0	0	0	0
Coprosma moorei	Alpine Coprosma	Rubiaceae	TAS	shrub	alpine	0	compiled_estimate_v2	0	0	0	0	0	0	0	0	0	0	1	1	1	1	0	0	0	0	0	0	0	0	0	0	0	0	0	0	1	1	0	0	0	0	0	0
Zieria arborescens	Stinkwood	Rutaceae	TAS	shrub	rainforest	0	compiled_estimate_v2	0	0	0	0	0	0	0	0	1	1	1	0	1	0	0	0	0	0	0	0	0	0	0	1	0	0	0	0	0	0	0	0	0	0	0	0
Zieria littoralis	Coastal Zieria	Rutaceae	TAS	shrub	coastal	1	compiled_estimate_v2	0	0	0	0	0	0	0	0	0	1	1	1	1	1	0	0	0	0	0	0	0	0	0	0	0	0	0	0	1	1	0	0	0	0	0	0
Zieria veronicea	Pink Zieria	Rutaceae	TAS	shrub	woodland	0	compiled_estimate_v2	0	0	0	0	0	0	0	0	0	1	1	1	1	1	0	0	0	0	0	0	0	0	0	0	0	0	0	0	1	1	0	0	0	0	0	0
Prostanthera cuneata	Alpine Mint-bush	Lamiaceae	TAS	shrub	alpine	0	compiled_estimate_v2	1	1	0	0	0	0	0	0	0	0	0	1	0	0	1	0	0	0	0	0	0	0	0	0	0	0	0	0	0	1	0	0	0	0	0	0
Prostanthera lasianthos	Victorian Christmas Bush	Lamiaceae	TAS	shrub	rainforest	0	compiled_estimate_v2	0	0	0	0	0	0	0	0	0	1	1	1	1	1	0	0	0	0	0	0	0	0	0	0	0	0	0	0	1	1	0	0	0	0	0	0
Prostanthera rotundifolia	Round-leaf Mint-bush	Lamiaceae	TAS	shrub	woodland	0	compiled_estimate_v2	0	0	0	0	0	0	0	0	1	1	1	0	1	0	0	0	0	0	0	0	0	0	0	1	0	0	0	0	0	0	0	0	0	0	0	0
Westringia rubiifolia	Sticky Westringia	Lamiaceae	TAS	shrub	alpine	1	compiled_estimate_v2	0	0	0	0	0	0	0	0	0	0	1	1	1	1	0	0	0	0	0	0	0	0	0	0	0	0	0	0	1	1	0	0	0	0	0	0
Westringia brevifolia	Short-leaf Westringia	Lamiaceae	TAS	shrub	coastal	1	compiled_estimate_v2	0	0	0	0	0	0	0	0	0	0	1	1	1	1	0	0	0	0	0	0	0	0	0	0	0	0	0	0	1	1	0	0	0	0	0	0
Boronia pilosa	Hairy Boronia	Rutaceae	TAS	shrub	heath	1	compiled_estimate_v2	0	0	0	0	0	0	0	0	1	1	1	0	1	0	0	0	0	0	0	0	0	0	0	1	0	0	0	0	0	0	0	0	0	0	0	0
Boronia citriodora	Lemon Boronia	Rutaceae	TAS	shrub	heath	0	compiled_estimate_v2	0	0	0	0	0	0	0	0	0	0	1	1	1	1	0	0	0	0	0	0	0	0	0	0	0	0	0	0	1	1	0	0	0	0	0	0
Boronia parviflora	Swamp Boronia	Rutaceae	TAS	shrub	heath	0	compiled_estimate_v2	0	0	0	0	0	0	0	0	1	1	1	0	1	0	0	0	0	0	0	0	0	0	0	1	0	0	0	0	0	0	0	0	0	0	0	0
Boronia anemonifolia	Sticky Boronia	Rutaceae	TAS	shrub	heath	0	compiled_estimate_v2	0	0	0	0	0	0	0	0	0	1	1	1	1	1	0	0	0	0	0	0	0	0	0	0	0	0	0	0	1	1	0	0	0	0	0	0
Boronia tetrandra	Yellow Boronia	Rutaceae	TAS	shrub	heath	0	compiled_estimate_v2	0	0	0	0	0	0	0	0	0	1	1	1	1	1	0	0	0	0	0	0	0	0	0	0	0	0	0	0	1	1	0	0	0	0	0	0
Phebaliun squamulosum	Satinwood	Rutaceae	TAS	shrub	woodland	0	compiled_estimate_v2	0	0	0	0	0	0	0	0	0	1	1	1	1	1	0	0	0	0	0	0	0	0	0	0	0	0	0	0	1	1	0	0	0	0	0	0
Phebaliun bilobum	Common Phebalium	Rutaceae	TAS	shrub	heath	0	compiled_estimate_v2	0	0	0	0	0	0	0	0	0	1	1	1	1	1	0	0	0	0	0	0	0	0	0	0	0	0	0	0	1	1	0	0	0	0	0	0
Phebaliun daviesii	Davies' Phebalium	Rutaceae	TAS	shrub	heath	1	compiled_estimate_v2	0	0	0	0	0	0	0	0	0	1	1	1	1	1	0	0	0	0	0	0	0	0	0	0	0	0	0	0	1	1	0	0	0	0	0	0
Gymnoschoenus sphaerocephalus	Buttongrass	Cyperaceae	TAS	sedge	heath	1	compiled_estimate_v2	1	1	1	1	0	0	0	0	0	0	0	1	0	0	0	0	1	1	0	0	0	0	0	0	0	0	0	0	0	0	0	1	1	0	0	0
Lepidosperma elatius	Tall Sword-sedge	Cyperaceae	TAS	sedge	woodland	0	compiled_estimate_v2	1	1	0	0	0	0	0	0	0	0	0	0	0	0	1	1	0	0	0	0	0	0	0	0	0	0	0	0	0	1	1	0	0	0	0	0
Lepidosperma laterale	Variable Sword-sedge	Cyperaceae	TAS	sedge	woodland	0	compiled_estimate_v2	1	1	0	0	0	0	0	0	0	0	0	0	0	0	1	1	0	0	0	0	0	0	0	0	0	0	0	0	0	1	1	0	0	0	0	0
Lepidosperma tortuosum	Twisted Sword-sedge	Cyperaceae	TAS	sedge	heath	1	compiled_estimate_v2	1	1	0	0	0	0	0	0	0	0	0	0	0	0	1	1	0	0	0	0	0	0	0	0	0	0	0	0	0	1	1	0	0	0	0	0
Gahnia grandis	Cutting Grass	Cyperaceae	TAS	sedge	heath	0	compiled_estimate_v2	1	1	1	0	0	0	0	0	0	0	0	0	0	0	1	1	1	0	0	0	0	0	0	0	0	0	0	0	0	1	1	1	0	0	0	0
Gahnia radula	Thatch Saw-sedge	Cyperaceae	TAS	sedge	heath	0	compiled_estimate_v2	1	1	1	0	0	0	0	0	0	0	0	0	0	0	1	1	1	0	0	0	0	0	0	0	0	0	0	0	0	1	1	1	0	0	0	0
Carex appressa	Tall Sedge	Cyperaceae	TAS	sedge	wet_forest	0	compiled_estimate_v2	1	1	1	0	0	0	0	0	0	0	0	1	0	0	0	1	1	0	0	0	0	0	0	0	0	0	0	0	0	0	0	1	1	0	0	0
Carex fascicularis	Tassel Sedge	Cyperaceae	TAS	sedge	wet_forest	0	compiled_estimate_v2	1	1	1	0	0	0	0	0	0	0	0	1	0	0	0	1	1	0	0	0	0	0	0	0	0	0	0	0	0	0	0	1	1	0	0	0
Carex gunniana	Mountain Sedge	Cyperaceae	TAS	sedge	alpine	1	compiled_estimate_v2	1	1	1	0	0	0	0	0	0	0	0	1	0	0	0	1	1	0	0	0	0	0	0	0	0	0	0	0	0	0	0	1	1	0	0	0
Empodisma minus	Wire Rush	Restionaceae	TAS	sedge	heath	0	compiled_estimate_v2	0	0	0	0	0	0	0	0	0	0	1	1	1	1	0	0	0	0	0	0	0	0	0	0	0	0	0	0	0	1	1	0	0	0	0	0
Eurychorda complanata	Flat Cord-rush	Restionaceae	TAS	sedge	heath	0	compiled_estimate_v2	0	0	0	0	0	0	0	0	0	0	1	1	1	1	0	0	0	0	0	0	0	0	0	0	0	0	0	0	0	1	1	0	0	0	0	0
Restio tetraphyllus	Tassel Cord-rush	Restionaceae	TAS	sedge	heath	0	compiled_estimate_v2	0	0	0	0	0	0	0	0	0	0	1	1	1	1	0	0	0	0	0	0	0	0	0	0	0	0	0	0	0	1	1	0	0	0	0	0
Leptocarpus tenax	Slender Twine-rush	Restionaceae	TAS	sedge	heath	0	compiled_estimate_v2	0	0	0	0	0	0	0	0	0	1	1	1	1	1	0	0	0	0	0	0	0	0	0	0	0	0	0	0	1	1	0	0	0	0	0	0
Calorophus elongatus	Calorophus	Restionaceae	TAS	sedge	heath	0	compiled_estimate_v2	0	0	0	0	0	0	0	0	1	1	1	0	1	0	0	0	0	0	0	0	0	0	0	1	0	0	0	0	0	0	0	0	0	0	0	0
Xanthorrhoea australis	Grasstree	Asphodelaceae	TAS	shrub	heath	0	compiled_estimate_v2	1	1	0	0	0	0	0	0	0	0	0	0	0	0	1	1	0	0	0	0	0	0	0	0	0	0	0	0	0	1	1	0	0	0	0	0
Xanthorrhoea bracteata	Shiny Grasstree	Asphodelaceae	TAS	shrub	heath	1	compiled_estimate_v2	1	1	0	0	0	0	0	0	0	0	0	0	0	0	1	1	0	0	0	0	0	0	0	0	0	0	0	0	0	1	1	0	0	0	0	0
Poa labillardierei	Tussock Grass	Poaceae	TAS	grass	alpine	0	compiled_estimate_v2	1	1	1	0	0	0	0	0	0	0	0	0	0	0	0	1	1	1	0	0	0	0	0	0	0	0	0	0	0	0	0	1	1	1	0	0
Poa rodwayi	Rodway's Tussock-grass	Poaceae	TAS	grass	alpine	1	compiled_estimate_v2	1	1	1	0	0	0	0	0	0	0	0	0	0	0	0	1	1	1	0	0	0	0	0	0	0	0	0	0	0	0	0	1	1	1	0	0
Poa gunnii	Gunn's Tussock-grass	Poaceae	TAS	grass	alpine	1	compiled_estimate_v2	1	1	1	0	0	0	0	0	0	0	0	0	0	0	0	1	1	1	0	0	0	0	0	0	0	0	0	0	0	0	0	1	1	1	0	0
Lomandra longifolia	Sagg	Asparagaceae	TAS	grass	woodland	0	compiled_estimate_v2	1	1	1	0	0	0	0	0	0	0	0	1	0	0	0	1	1	0	0	0	0	0	0	0	0	0	0	0	0	0	0	1	1	0	0	0
Lomandra nana	Dwarf Mat-rush	Asparagaceae	TAS	grass	heath	0	compiled_estimate_v2	1	1	1	0	0	0	0	0	0	0	0	1	0	0	0	1	1	0	0	0	0	0	0	0	0	0	0	0	0	0	0	1	1	0	0	0
Lomandra tasmanica	Tasman Mat-rush	Asparagaceae	TAS	grass	heath	1	compiled_estimate_v2	1	1	1	0	0	0	0	0	0	0	0	1	0	0	0	1	1	0	0	0	0	0	0	0	0	0	0	0	0	0	0	1	1	0	0	0
Dianella tasmanica	Tasman Flax-lily	Asphodelaceae	TAS	grass	rainforest	0	compiled_estimate_v2	0	0	0	0	0	0	0	0	0	1	1	1	1	1	0	0	0	0	0	0	0	0	0	0	0	0	0	0	0	1	1	0	0	0	0	0
Dianella revoluta	Spreading Flax-lily	Asphodelaceae	TAS	grass	woodland	0	compiled_estimate_v2	0	0	0	0	0	0	0	0	0	1	1	1	1	1	0	0	0	0	0	0	0	0	0	0	0	0	0	0	0	1	1	0	0	0	0	0
Dianella brevicaulis	Short-stem Flax-lily	Asphodelaceae	TAS	grass	coastal	0	compiled_estimate_v2	0	0	0	0	0	0	0	0	0	1	1	1	1	1	0	0	0	0	0	0	0	0	0	0	0	0	0	0	0	1	1	0	0	0	0	0
Stypandra glauca	Nodding Blue Lily	Asphodelaceae	TAS	grass	woodland	0	compiled_estimate_v2	0	0	0	0	0	0	0	0	1	1	1	0	1	0	0	0	0	0	0	0	0	0	0	1	0	0	0	0	0	0	0	0	0	0	0	0
Thelionema caespitosum	Tufted Lily	Asphodelaceae	TAS	grass	heath	0	compiled_estimate_v2	0	0	0	0	0	0	0	0	1	1	1	0	1	0	0	0	0	0	0	0	0	0	0	1	0	0	0	0	0	0	0	0	0	0	0	0
Burchardia umbellata	Milkmaids	Colchicaceae	TAS	herb	heath	0	compiled_estimate_v2	0	0	0	0	0	0	0	1	1	1	1	0	1	0	0	0	0	0	0	0	0	0	0	1	0	0	0	0	0	0	0	0	0	0	0	0
Wurmbea dioica	Early Nancy	Colchicaceae	TAS	herb	woodland	0	compiled_estimate_v2	0	0	0	0	0	0	0	1	1	0	0	0	0	0	0	0	0	0	0	0	0	1	1	0	0	0	0	0	0	0	0	0	0	0	0	0
Arthropodium milleflorum	Pale Vanilla-lily	Asparagaceae	TAS	herb	woodland	0	compiled_estimate_v2	0	0	0	0	0	0	0	1	1	1	0	0	1	0	0	0	0	0	0	0	0	0	1	1	0	0	0	0	0	0	0	0	0	0	0	0
Arthropodium strictum	Chocolate Lily	Asparagaceae	TAS	herb	woodland	0	compiled_estimate_v2	0	0	0	0	0	0	0	0	1	1	1	0	1	0	0	0	0	0	0	0	0	0	0	1	0	0	0	0	0	0	0	0	0	0	0	0
Thysanotus patersonii	Twining Fringe-lily	Asparagaceae	TAS	herb	heath	0	compiled_estimate_v2	0	0	0	0	0	0	0	1	1	1	1	0	1	0	0	0	0	0	0	0	0	0	0	1	0	0	0	0	0	0	0	0	0	0	0	0
Caesia parviflora	Pale Grass-lily	Asphodelaceae	TAS	herb	woodland	0	compiled_estimate_v2	0	0	0	0	0	0	0	0	0	1	1	1	1	1	0	0	0	0	0	0	0	0	0	0	0	0	0	0	1	1	0	0	0	0	0	0
Bulbine bulbosa	Bulbine Lily	Asphodelaceae	TAS	herb	woodland	0	compiled_estimate_v2	0	0	0	0	0	0	0	1	1	1	1	0	1	0	0	0	0	0	0	0	0	0	0	1	0	0	0	0	0	0	0	0	0	0	0	0
Diplarrena moraea	White Iris	Iridaceae	TAS	herb	heath	0	compiled_estimate_v2	0	0	0	0	0	0	0	0	0	1	1	1	1	1	0	0	0	0	0	0	0	0	0	0	0	0	0	0	1	1	0	0	0	0	0	0
Diplarrena latifolia	Western Iris	Iridaceae	TAS	herb	heath	0	compiled_estimate_v2	0	0	0	0	0	0	0	0	1	1	1	0	1	0	0	0	0	0	0	0	0	0	0	1	0	0	0	0	0	0	0	0	0	0	0	0
Patersonia fragilis	Swamp Iris	Iridaceae	TAS	herb	heath	0	compiled_estimate_v2	0	0	0	0	0	0	0	0	0	1	1	1	1	1	0	0	0	0	0	0	0	0	0	0	0	0	0	0	1	1	0	0	0	0	0	0
Patersonia occidentalis	Long Purple-flag	Iridaceae	TAS	herb	heath	0	compiled_estimate_v2	0	0	0	0	0	0	0	0	0	1	1	1	1	1	0	0	0	0	0	0	0	0	0	0	0	0	0	0	1	1	0	0	0	0	0	0
Isophysis tasmanica	Mountain Flag Iris	Iridaceae	TAS	herb	alpine	1	compiled_estimate_v2	0	0	0	0	0	0	0	0	0	1	1	0	0	0	0	0	0	0	0	0	0	1	1	1	0	0	0	0	0	0	0	0	0	0	0	0
Libertia pulchella	Pretty Iris	Iridaceae	TAS	herb	alpine	0	compiled_estimate_v2	0	0	0	0	0	0	0	0	1	1	1	1	1	1	0	0	0	0	0	0	0	0	0	0	0	0	0	0	1	1	1	0	0	0	0	0
Acianthus caudatus	Mayfly Orchid	Orchidaceae	TAS	orchid	woodland	0	compiled_estimate_v2	0	0	0	0	0	0	0	0	0	1	1	1	1	1	0	0	0	0	0	0	0	0	0	0	0	0	0	0	1	1	0	0	0	0	0	0
Acianthus exsertus	Mosquito Orchid	Orchidaceae	TAS	orchid	woodland	0	compiled_estimate_v2	0	0	0	0	0	0	0	0	0	1	1	1	1	1	0	0	0	0	0	0	0	0	0	0	0	0	0	0	1	1	0	0	0	0	0	0
Corybas diemenicus	Helmet Orchid	Orchidaceae	TAS	orchid	woodland	0	compiled_estimate_v2	0	0	0	0	0	0	0	0	0	0	1	1	1	1	0	0	0	0	0	0	0	0	0	0	0	0	0	0	1	1	0	0	0	0	0	0
Cyrtostylis reniformis	Small Gnat-orchid	Orchidaceae	TAS	orchid	woodland	0	compiled_estimate_v2	0	0	0	0	0	0	0	0	0	1	1	1	1	1	0	0	0	0	0	0	0	0	0	0	0	0	0	0	1	1	0	0	0	0	0	0
Pterostylis nutans	Nodding Greenhood	Orchidaceae	TAS	orchid	woodland	0	compiled_estimate_v2	0	0	0	0	0	0	0	0	0	1	1	1	1	1	0	0	0	0	0	0	0	0	0	0	0	0	0	0	1	1	0	0	0	0	0	0
Pterostylis pedunculata	Maroonhood	Orchidaceae	TAS	orchid	woodland	0	compiled_estimate_v2	0	0	0	0	0	0	0	0	0	1	1	1	1	1	0	0	0	0	0	0	0	0	0	0	0	0	0	0	1	1	0	0	0	0	0	0
Pterostylis grandiflora	Cobra Greenhood	Orchidaceae	TAS	orchid	woodland	0	compiled_estimate_v2	0	0	0	0	0	0	0	0	0	1	1	1	1	1	0	0	0	0	0	0	0	0	0	0	0	0	0	0	1	1	0	0	0	0	0	0
Pterostylis furcata	Forked Greenhood	Orchidaceae	TAS	orchid	alpine	1	compiled_estimate_v2	0	0	0	0	0	0	0	0	0	1	1	1	1	1	0	0	0	0	0	0	0	0	0	0	0	0	0	0	1	1	0	0	0	0	0	0
Thelymitra aristata	Great Sun-orchid	Orchidaceae	TAS	orchid	woodland	0	compiled_estimate_v2	0	0	0	0	0	0	0	0	0	1	1	1	1	1	0	0	0	0	0	0	0	0	0	0	0	0	0	0	1	1	0	0	0	0	0	0
Thelymitra ixioides	Spotted Sun-orchid	Orchidaceae	TAS	orchid	woodland	0	compiled_estimate_v2	0	0	0	0	0	0	0	0	0	0	1	1	1	1	0	0	0	0	0	0	0	0	0	0	0	0	0	0	1	1	0	0	0	0	0	0
Thelymitra pauciflora	Slender Sun-orchid	Orchidaceae	TAS	orchid	woodland	0	compiled_estimate_v2	0	0	0	0	0	0	0	0	0	0	1	1	1	1	0	0	0	0	0	0	0	0	0	0	0	0	0	0	1	1	0	0	0	0	0	0
Thelymitra venosa	Veined Sun-orchid	Orchidaceae	TAS	orchid	heath	1	compiled_estimate_v2	0	0	0	0	0	0	0	0	1	1	1	0	1	0	0	0	0	0	0	0	0	0	0	1	0	0	0	0	0	0	0	0	0	0	0	0
Caladenia carnea	Pink Fingers	Orchidaceae	TAS	orchid	woodland	0	compiled_estimate_v2	0	0	0	0	0	0	0	0	0	1	1	1	1	1	0	0	0	0	0	0	0	0	0	0	0	0	0	0	1	1	0	0	0	0	0	0
Caladenia alata	Fairy Orchid	Orchidaceae	TAS	orchid	woodland	0	compiled_estimate_v2	0	0	0	0	0	0	0	0	0	1	1	1	1	1	0	0	0	0	0	0	0	0	0	0	0	0	0	0	1	1	0	0	0	0	0	0
Caladenia alpina	Mountain Caladenia	Orchidaceae	TAS	orchid	alpine	1	compiled_estimate_v2	0	0	0	0	0	0	0	0	0	1	1	1	1	1	0	0	0	0	0	0	0	0	0	0	0	0	0	0	1	1	0	0	0	0	0	0
Chiloglottis gunnii	Common Bird-orchid	Orchidaceae	TAS	orchid	woodland	0	compiled_estimate_v2	0	0	0	0	0	0	0	0	1	1	1	0	1	0	0	0	0	0	0	0	0	0	0	1	0	0	0	0	0	0	0	0	0	0	0	0
Chiloglottis reflexa	Short-clubbed Bird-orchid	Orchidaceae	TAS	orchid	woodland	0	compiled_estimate_v2	0	0	0	0	0	0	0	0	0	1	1	1	1	1	0	0	0	0	0	0	0	0	0	0	0	0	0	0	1	1	0	0	0	0	0	0
Prasophyllum alpinum	Alpine Leek-orchid	Orchidaceae	TAS	orchid	alpine	1	compiled_estimate_v2	1	1	0	0	0	0	0	0	0	0	0	0	0	0	1	1	0	0	0	0	0	0	0	0	0	0	0	0	0	1	1	0	0	0	0	0
Prasophyllum frenchii	Leek Orchid	Orchidaceae	TAS	orchid	heath	0	compiled_estimate_v2	0	0	0	0	0	0	0	0	0	1	1	1	1	1	0	0	0	0	0	0	0	0	0	0	0	0	0	0	1	1	0	0	0	0	0	0
Prasophyllum tadgellianum	Tadgell's Leek-orchid	Orchidaceae	TAS	orchid	alpine	1	compiled_estimate_v2	0	0	0	0	0	0	0	0	0	0	1	1	1	1	0	0	0	0	0	0	0	0	0	0	0	0	0	0	1	1	0	0	0	0	0	0
Microtis unifolia	Common Onion-orchid	Orchidaceae	TAS	orchid	woodland	0	compiled_estimate_v2	0	0	0	0	0	0	0	0	0	1	1	1	1	1	0	0	0	0	0	0	0	0	0	0	0	0	0	0	1	1	0	0	0	0	0	0
Microtis parviflora	Slender Onion-orchid	Orchidaceae	TAS	orchid	heath	0	compiled_estimate_v2	0	0	0	0	0	0	0	0	0	0	1	1	1	1	0	0	0	0	0	0	0	0	0	0	0	0	0	0	1	1	0	0	0	0	0	0
Genoplesium rufum	Rufous Midge-orchid	Orchidaceae	TAS	orchid	heath	0	compiled_estimate_v2	0	0	0	0	0	0	0	0	0	1	1	1	1	1	0	0	0	0	0	0	0	0	0	0	0	0	0	0	1	1	0	0	0	0	0	0
Corunastylis nuda	Tiny Midge-orchid	Orchidaceae	TAS	orchid	heath	0	compiled_estimate_v2	0	0	0	0	0	0	0	0	1	1	1	0	1	0	0	0	0	0	0	0	0	0	0	1	0	0	0	0	0	0	0	0	0	0	0	0
Eriochilus cucullatus	Parson's Bands	Orchidaceae	TAS	orchid	woodland	0	compiled_estimate_v2	0	0	0	0	0	0	0	1	1	1	0	0	1	0	0	0	0	0	0	0	0	0	1	1	0	0	0	0	0	0	0	0	0	0	0	0
Leptoceras menziesii	Rabbit Orchid	Orchidaceae	TAS	orchid	woodland	0	compiled_estimate_v2	0	0	0	0	0	0	0	0	0	1	1	1	1	1	0	0	0	0	0	0	0	0	0	0	0	0	0	0	1	1	0	0	0	0	0	0
Lyperanthus suaveolens	Brown Beaks	Orchidaceae	TAS	orchid	heath	0	compiled_estimate_v2	0	0	0	0	0	0	0	0	0	1	1	1	1	1	0	0	0	0	0	0	0	0	0	0	0	0	0	0	1	1	0	0	0	0	0	0
Ranunculus lappaceus	Common Buttercup	Ranunculaceae	TAS	herb	woodland	0	compiled_estimate_v2	1	1	1	0	0	0	0	0	0	0	0	1	0	0	0	1	1	0	0	0	0	0	0	0	0	0	0	0	0	0	1	1	0	0	0	0
Ranunculus millanii	Alpine Buttercup	Ranunculaceae	TAS	herb	alpine	1	compiled_estimate_v2	1	1	0	0	0	0	0	0	0	0	0	1	0	0	1	0	0	0	0	0	0	0	0	0	0	0	0	0	0	1	0	0	0	0	0	0
Ranunculus pimpinellifolius	Small Alpine Buttercup	Ranunculaceae	TAS	herb	alpine	1	compiled_estimate_v2	1	1	0	0	0	0	0	0	0	0	0	1	0	0	1	0	0	0	0	0	0	0	0	0	0	0	0	0	0	1	0	0	0	0	0	0
Geranium potentilloides	Soft Crane's-bill	Geraniaceae	TAS	herb	woodland	0	compiled_estimate_v2	1	1	1	0	0	0	0	0	0	0	0	1	0	0	0	1	1	0	0	0	0	0	0	0	0	0	0	0	0	0	1	1	0	0	0	0
Geranium solanderi	Native Geranium	Geraniaceae	TAS	herb	woodland	0	compiled_estimate_v2	1	1	1	0	0	0	0	0	0	0	0	1	0	0	0	1	1	0	0	0	0	0	0	0	0	0	0	0	0	0	1	1	0	0	0	0
Pelargonium australe	Native Storksbill	Geraniaceae	TAS	herb	coastal	0	compiled_estimate_v2	1	1	1	0	0	0	0	0	0	0	0	1	0	0	0	1	1	0	0	0	0	0	0	0	0	0	0	0	0	0	1	1	0	0	0	0
Oxalis perennans	Grassland Wood-sorrel	Oxalidaceae	TAS	herb	woodland	0	compiled_estimate_v2	1	1	1	0	0	0	0	0	0	0	0	1	0	0	0	1	1	0	0	0	0	0	0	0	0	0	0	0	0	0	1	1	0	0	0	0
Viola hederacea	Ivy-leaved Violet	Violaceae	TAS	herb	woodland	0	compiled_estimate_v2	1	1	1	1	1	0	0	0	0	0	1	1	0	0	0	0	0	1	1	0	0	0	0	0	0	0	0	0	0	0	0	1	1	0	0	0
Viola cunninghamii	Alpine Violet	Violaceae	TAS	herb	alpine	0	compiled_estimate_v2	1	1	1	0	0	0	0	0	0	0	0	1	0	0	0	1	1	0	0	0	0	0	0	0	0	0	0	0	0	0	1	1	0	0	0	0
Hydrocotyle hirta	Hairy Pennywort	Araliaceae	TAS	herb	woodland	0	compiled_estimate_v2	1	1	1	0	0	0	0	0	0	0	0	1	0	0	0	1	1	0	0	0	0	0	0	0	0	0	0	0	0	0	1	1	0	0	0	0
Hydrocotyle sibthorpioides	Shield Pennywort	Araliaceae	TAS	herb	woodland	0	compiled_estimate_v2	1	1	1	0	0	0	0	0	0	0	0	1	0	0	0	1	1	0	0	0	0	0	0	0	0	0	0	0	0	0	1	1	0	0	0	0
Centella cordifolia	Centella	Apiaceae	TAS	herb	woodland	0	compiled_estimate_v2	1	1	1	0	0	0	0	0	0	0	0	1	0	0	0	1	1	0	0	0	0	0	0	0	0	0	0	0	0	0	1	1	0	0	0	0
Apium prostratum	Sea Celery	Apiaceae	TAS	herb	coastal	0	compiled_estimate_v2	1	1	1	1	0	0	0	0	0	0	0	0	0	0	0	0	1	1	1	0	0	0	0	0	0	0	0	0	0	0	0	1	1	1	0	0
Xerochrysum bracteatum	Golden Everlasting	Asteraceae	TAS	herb	woodland	0	compiled_estimate_v2	1	1	1	0	0	0	0	0	0	0	1	1	0	0	0	1	1	0	0	0	0	0	0	0	0	0	0	0	0	0	1	1	0	0	0	0
Chrysocephalum apiculatum	Yellow Buttons	Asteraceae	TAS	herb	heath	0	compiled_estimate_v2	1	1	1	0	0	0	0	0	0	0	1	1	0	0	0	1	1	0	0	0	0	0	0	0	0	0	0	0	0	0	1	1	0	0	0	0
Leptorhynchos squamatus	Scaly Buttons	Asteraceae	TAS	herb	heath	0	compiled_estimate_v2	1	1	1	0	0	0	0	0	0	0	0	1	0	0	0	1	1	0	0	0	0	0	0	0	0	0	0	0	0	0	1	1	0	0	0	0
Brachyscome aculeata	Hill Daisy	Asteraceae	TAS	herb	alpine	0	compiled_estimate_v2	1	1	1	0	0	0	0	0	0	0	0	1	0	0	0	1	1	0	0	0	0	0	0	0	0	0	0	0	0	0	1	1	0	0	0	0
Brachyscome rigidula	Hairy Daisy	Asteraceae	TAS	herb	heath	0	compiled_estimate_v2	0	0	0	0	0	0	0	0	1	1	1	0	1	0	0	0	0	0	0	0	0	0	0	1	0	0	0	0	0	0	0	0	0	0	0	0
Brachyscome spathulata	Brachyscome	Asteraceae	TAS	herb	alpine	0	compiled_estimate_v2	1	1	1	0	0	0	0	0	0	0	0	1	0	0	0	1	1	0	0	0	0	0	0	0	0	0	0	0	0	0	1	1	0	0	0	0
Lagenophora stipitata	Common Bottle-daisy	Asteraceae	TAS	herb	woodland	0	compiled_estimate_v2	0	0	0	0	0	0	0	0	1	1	1	0	1	0	0	0	0	0	0	0	0	0	0	1	0	0	0	0	0	0	0	0	0	0	0	0
Euchiton japonicus	Creeping Cudweed	Asteraceae	TAS	herb	woodland	0	compiled_estimate_v2	1	1	1	0	0	0	0	0	0	0	1	1	0	0	0	1	1	0	0	0	0	0	0	0	0	0	0	0	0	0	1	1	0	0	0	0
Helichrysum scorpioides	Curry Everlasting	Asteraceae	TAS	herb	alpine	1	compiled_estimate_v2	1	1	0	0	0	0	0	0	0	0	1	1	0	0	1	1	0	0	0	0	0	0	0	0	0	0	0	0	0	1	1	0	0	0	0	0
Celmisia asteliifolia	Silver Snow-daisy	Asteraceae	TAS	herb	alpine	1	compiled_estimate_v2	1	1	1	0	0	0	0	0	0	0	0	1	0	0	0	1	1	0	0	0	0	0	0	0	0	0	0	0	0	0	1	1	0	0	0	0
Celmisia longifolia	Shiny Snow-daisy	Asteraceae	TAS	herb	alpine	1	compiled_estimate_v2	1	1	1	0	0	0	0	0	0	0	0	1	0	0	0	1	1	0	0	0	0	0	0	0	0	0	0	0	0	0	1	1	0	0	0	0
Craspedia glauca	Common Billy-buttons	Asteraceae	TAS	herb	alpine	0	compiled_estimate_v2	1	1	1	0	0	0	0	0	0	0	0	1	0	0	0	1	1	0	0	0	0	0	0	0	0	0	0	0	0	0	1	1	0	0	0	0
Ewartia planchonii	Tufted Cudweed	Asteraceae	TAS	herb	alpine	1	compiled_estimate_v2	1	1	1	0	0	0	0	0	0	0	0	1	0	0	0	1	1	0	0	0	0	0	0	0	0	0	0	0	0	0	1	1	0	0	0	0
Abrotanella forsteroides	Tasmanian Cushion Plant	Asteraceae	TAS	herb	alpine	1	compiled_estimate_v2	1	1	1	0	0	0	0	0	0	0	0	1	0	0	0	1	1	0	0	0	0	0	0	0	0	0	0	0	0	0	1	1	0	0	0	0
Pterygopappus lawrencei	Alpine Cushion Plant	Asteraceae	TAS	herb	alpine	1	compiled_estimate_v2	1	1	1	0	0	0	0	0	0	0	0	1	0	0	0	1	1	0	0	0	0	0	0	0	0	0	0	0	0	0	1	1	0	0	0	0
Euphrasia collina	Purple Eyebright	Orobanchaceae	TAS	herb	heath	0	compiled_estimate_v2	1	1	1	0	0	0	0	0	0	0	0	1	0	0	0	1	1	0	0	0	0	0	0	0	0	0	0	0	0	0	1	1	0	0	0	0
Euphrasia gibbsiae	Alpine Eyebright	Orobanchaceae	TAS	herb	alpine	1	compiled_estimate_v2	1	1	1	0	0	0	0	0	0	0	0	1	0	0	0	1	1	0	0	0	0	0	0	0	0	0	0	0	0	0	1	1	0	0	0	0
Euphrasia hookeri	Mountain Eyebright	Orobanchaceae	TAS	herb	alpine	1	compiled_estimate_v2	1	1	1	0	0	0	0	0	0	0	0	1	0	0	0	1	1	0	0	0	0	0	0	0	0	0	0	0	0	0	1	1	0	0	0	0
Veronica notabilis	Forest Speedwell	Plantaginaceae	TAS	herb	rainforest	0	compiled_estimate_v2	1	1	1	0	0	0	0	0	0	0	0	1	0	0	0	1	1	0	0	0	0	0	0	0	0	0	0	0	0	0	1	1	0	0	0	0
Veronica derwentiana	Derwent Speedwell	Plantaginaceae	TAS	herb	woodland	0	compiled_estimate_v2	1	1	1	0	0	0	0	0	0	0	0	1	0	0	0	1	1	0	0	0	0	0	0	0	0	0	0	0	0	0	1	1	0	0	0	0
Plantago varia	Variable Plantain	Plantaginaceae	TAS	herb	alpine	0	compiled_estimate_v2	1	1	1	0	0	0	0	0	0	0	0	1	0	0	0	1	1	0	0	0	0	0	0	0	0	0	0	0	0	0	1	1	0	0	0	0
Mentha diemenica	Slender Mint	Lamiaceae	TAS	herb	woodland	0	compiled_estimate_v2	1	1	1	0	0	0	0	0	0	0	0	1	0	0	0	1	1	0	0	0	0	0	0	0	0	0	0	0	0	0	1	1	0	0	0	0