scientific_name,common_name,family,state,flower_Jan,flower_Feb,flower_Mar,flower_Apr,flower_May,flower_Jun,flower_Jul,flower_Aug,flower_Sep,flower_Oct,flower_Nov,flower_Dec,seed_Jan,seed_Feb,seed_Mar,seed_Apr,seed_May,seed_Jun,seed_Jul,seed_Aug,seed_Sep,seed_Oct,seed_Nov,seed_Dec,data_source
Grevillea densiflora,Densiflora Grevillea,Proteaceae,TAS,0,0,0,0,0,0,0,1,1,1,1,0,0,0,0,1,1,1,0,0,0,0,0,0,compiled_estimate_v3
Melaleuca parviflora,Parviflora Melaleuca,Myrtaceae,TAS,0,0,0,0,0,0,0,0,0,1,1,0,0,0,0,1,1,1,1,0,0,0,0,0,compiled_estimate_v3
Prostanthera longifolia,Longifolia Prostanthera,Lamiaceae,TAS,0,0,0,0,0,0,0,0,0,1,1,0,0,0,0,1,1,1,0,0,0,0,0,0,compiled_estimate_v3
Olearia densiflora,Densiflora Olearia,Asteraceae,TAS,0,0,0,0,0,0,0,0,1,1,1,0,0,0,1,1,1,0,0,0,0,0,0,0,compiled_estimate_v3
Wahlenbergia mucronata,Mucronata Wahlenbergia,Campanulaceae,TAS,0,0,0,0,0,0,0,1,1,1,0,0,0,1,1,1,0,0,0,0,0,0,0,0,compiled_estimate_v3
Wahlenbergia rotundifolia,Rotundifolia Wahlenbergia,Campanulaceae,TAS,1,0,0,0,0,0,0,0,0,1,1,1,1,1,0,0,0,0,0,0,0,0,0,0,compiled_estimate_v3
Carex robusta,Robusta Carex,Cyperaceae,TAS,1,0,0,0,0,0,0,0,0,1,1,1,1,1,1,0,0,0,0,0,0,0,0,0,compiled_estimate_v3
Lomatia tenuifolia,Tenuifolia Lomatia,Proteaceae,TAS,0,0,0,0,0,0,0,1,1,1,0,0,0,0,1,1,0,0,0,0,0,0,0,0,compiled_estimate_v3
Poa grandis,Grandis Poa,Poaceae,TAS,0,0,0,0,0,0,0,0,1,1,0,0,0,0,1,1,1,0,0,0,0,0,0,0,compiled_estimate_v3
Ozothamnus montana,Montana Ozothamnus,Asteraceae,TAS,0,0,0,0,0,0,0,0,1,1,0,0,0,0,1,1,1,0,0,0,0,0,0,0,compiled_estimate_v3
Poa elongata,Elongata Poa,Poaceae,TAS,0,0,0,0,0,0,0,1,1,0,0,0,0,0,0,1,1,1,0,0,0,0,0,0,compiled_estimate_v3
Lomatia serrata,Serrata Lomatia,Proteaceae,TAS,1,1,0,0,0,0,0,0,0,0,1,1,0,0,1,1,1,1,0,0,0,0,0,0,compiled_estimate_v3
Westringia robusta,Robusta Westringia,Lamiaceae,TAS,0,0,0,0,0,0,0,0,0,1,1,1,0,1,1,1,0,0,0,0,0,0,0,0,compiled_estimate_v3
Tasmannia nana,Nana Tasmannia,Winteraceae,TAS,0,0,0,0,0,0,0,0,1,1,0,0,0,0,1,1,1,1,0,0,0,0,0,0,compiled_estimate_v3
Bossiaea pubescens,Pubescens Bossiaea,Fabaceae,TAS,0,0,0,0,0,0,0,0,1,1,1,1,0,0,0,1,1,0,0,0,0,0,0,0,compiled_estimate_v3
Melaleuca alpina,Alpina Melaleuca,Myrtaceae,TAS,0,0,0,0,0,0,0,0,0,1,1,1,0,1,1,0,0,0,0,0,0,0,0,0,compiled_estimate_v3
Pultenaea robusta,Robusta Pultenaea,Fabaceae,TAS,0,0,0,0,0,0,0,0,1,1,1,1,0,0,1,1,0,0,0,0,0,0,0,0,compiled_estimate_v3
Stylidium robusta,Robusta Stylidium,Stylidiaceae,TAS,0,0,0,0,0,0,0,0,1,1,1,1,1,1,1,1,0,0,0,0,0,0,0,0,compiled_estimate_v3
Bossiaea elongata,Elongata Bossiaea,Fabaceae,TAS,0,0,0,0,0,0,0,0,0,1,1,0,0,0,0,1,1,0,0,0,0,0,0,0,compiled_estimate_v3
Eucalyptus acuminata,Acuminata Eucalyptus,Myrtaceae,TAS,0,0,0,0,0,0,0,0,0,0,1,1,0,0,1,1,1,1,0,0,0,0,0,0,compiled_estimate_v3
Melaleuca angustifolia,Angustifolia Melaleuca,Myrtaceae,TAS,1,0,0,0,0,0,0,0,0,0,1,1,0,1,1,1,0,0,0,0,0,0,0,0,compiled_estimate_v3
Tasmannia latifolia,Latifolia Tasmannia,Winteraceae,TAS,0,0,0,0,0,0,0,0,1,1,0,0,0,0,0,1,1,1,0,0,0,0,0,0,compiled_estimate_v3
Bossiaea parviflora,Parviflora Bossiaea,Fabaceae,TAS,1,0,0,0,0,0,0,0,0,0,1,1,0,0,1,1,1,0,0,0,0,0,0,0,compiled_estimate_v3
Tasmannia alpina,Alpina Tasmannia,Winteraceae,TAS,1,1,0,0,0,0,0,0,0,0,1,1,1,1,0,0,0,0,0,0,0,0,0,0,compiled_estimate_v3
Correa mucronata,Mucronata Correa,Rutaceae,TAS,0,0,0,0,0,0,0,0,0,1,1,1,0,0,0,1,1,0,0,0,0,0,0,0,compiled_estimate_v3
Hakea acuminata,Acuminata Hakea,Proteaceae,TAS,0,0,0,0,0,0,0,0,1,1,1,0,0,1,1,1,0,0,0,0,0,0,0,0,compiled_estimate_v3
Bossiaea rotundifolia,Rotundifolia Bossiaea,Fabaceae,TAS,0,0,0,0,0,0,0,0,0,0,1,1,0,0,1,1,0,0,0,0,0,0,0,0,compiled_estimate_v3
Pultenaea alba,Alba Pultenaea,Fabaceae,TAS,0,0,0,0,0,0,0,0,0,0,1,1,0,0,1,1,1,1,0,0,0,0,0,0,compiled_estimate_v3
Drosera glabra,Glabra Drosera,Droseraceae,TAS,0,0,0,0,0,0,0,0,1,1,0,0,1,1,1,1,0,0,0,0,0,0,0,0,compiled_estimate_v3
Dianella robusta,Robusta Dianella,Asphodelaceae,TAS,0,0,0,0,0,0,0,0,1,1,1,0,0,0,1,1,1,0,0,0,0,0,0,0,compiled_estimate_v3
Carex densiflora,Densiflora Carex,Cyperaceae,TAS,0,0,0,0,0,0,0,0,0,0,1,1,1,1,0,0,0,0,0,0,0,0,0,0,compiled_estimate_v3
Eucalyptus pubescens,Pubescens Eucalyptus,Myrtaceae,TAS,1,0,0,0,0,0,0,0,0,1,1,1,0,0,0,1,1,0,0,0,0,0,0,0,compiled_estimate_v3
Grevillea stricta,Stricta Grevillea,Proteaceae,TAS,0,0,0,0,0,0,0,0,0,0,1,1,0,0,0,1,1,1,1,0,0,0,0,0,compiled_estimate_v3
Drosera montana,Montana Drosera,Droseraceae,TAS,0,0,0,0,0,0,0,1,1,1,0,0,0,0,1,1,0,0,0,0,0,0,0,0,compiled_estimate_v3
Correa longifolia,Longifolia Correa,Rutaceae,TAS,0,0,0,0,0,0,0,0,1,1,0,0,0,1,1,1,1,0,0,0,0,0,0,0,compiled_estimate_v3
Eucalyptus viridis,Viridis Eucalyptus,Myrtaceae,TAS,0,0,0,0,0,0,0,0,1,1,0,0,0,0,1,1,1,0,0,0,0,0,0,0,compiled_estimate_v3
Richea rubra,Rubra Richea,Ericaceae,TAS,0,0,0,0,0,0,0,0,0,1,1,0,0,0,1,1,0,0,0,0,0,0,0,0,compiled_estimate_v3
Poa nana,Nana Poa,Poaceae,TAS,0,0,0,0,0,0,0,1,1,1,0,0,0,0,0,1,1,1,0,0,0,0,0,0,compiled_estimate_v3
Lomatia lanceolata,Lanceolata Lomatia,Proteaceae,TAS,0,0,0,0,0,0,0,0,1,1,0,0,1,1,1,1,0,0,0,0,0,0,0,0,compiled_estimate_v3
Drosera major,Major Drosera,Droseraceae,TAS,0,0,0,0,0,0,0,0,1,1,0,0,0,1,1,1,0,0,0,0,0,0,0,0,compiled_estimate_v3
Lepidosperma pubescens,Pubescens Lepidosperma,Cyperaceae,TAS,0,0,0,0,0,0,0,1,1,0,0,0,0,0,1,1,0,0,0,0,0,0,0,0,compiled_estimate_v3
Olearia longifolia,Longifolia Olearia,Asteraceae,TAS,0,0,0,0,0,0,0,0,0,1,1,1,1,1,1,1,0,0,0,0,0,0,0,0,compiled_estimate_v3
Banksia compacta,Compacta Banksia,Proteaceae,TAS,0,0,0,0,0,0,0,1,1,1,1,0,1,1,1,1,0,0,0,0,0,0,0,0,compiled_estimate_v3
Grevillea robusta,Robusta Grevillea,Proteaceae,TAS,0,0,0,0,0,0,0,1,1,1,1,0,1,1,0,0,0,0,0,0,0,0,0,0,compiled_estimate_v3
Correa serrata,Serrata Correa,Rutaceae,TAS,1,1,0,0,0,0,0,0,0,0,1,1,0,0,0,1,1,0,0,0,0,0,0,0,compiled_estimate_v3
Olearia minor,Minor Olearia,Asteraceae,TAS,0,0,0,0,0,0,0,0,1,1,0,0,1,1,0,0,0,0,0,0,0,0,0,0,compiled_estimate_v3
Bossiaea major,Major Bossiaea,Fabaceae,TAS,0,0,0,0,0,0,0,1,1,1,0,0,0,1,1,1,0,0,0,0,0,0,0,0,compiled_estimate_v3
Dianella major,Major Dianella,Asphodelaceae,TAS,0,0,0,0,0,0,0,1,1,0,0,0,0,1,1,0,0,0,0,0,0,0,0,0,compiled_estimate_v3
Correa angustifolia,Angustifolia Correa,Rutaceae,TAS,1,1,0,0,0,0,0,0,0,0,1,1,0,1,1,1,1,0,0,0,0,0,0,0,compiled_estimate_v3
Banksia montana,Montana Banksia,Proteaceae,TAS,0,0,0,0,0,0,0,0,0,1,1,0,0,0,0,1,1,0,0,0,0,0,0,0,compiled_estimate_v3
Tasmannia compacta,Compacta Tasmannia,Winteraceae,TAS,0,0,0,0,0,0,0,0,1,1,1,0,1,1,1,0,0,0,0,0,0,0,0,0,compiled_estimate_v3
Lomatia minor,Minor Lomatia,Proteaceae,TAS,0,0,0,0,0,0,0,0,1,1,1,0,1,1,1,1,0,0,0,0,0,0,0,0,compiled_estimate_v3
Richea australis,Australis Richea,Ericaceae,TAS,0,0,0,0,0,0,0,1,1,1,1,0,1,1,1,1,0,0,0,0,0,0,0,0,compiled_estimate_v3
Westringia alpina,Alpina Westringia,Lamiaceae,TAS,0,0,0,0,0,0,0,0,1,1,1,1,0,0,1,1,1,0,0,0,0,0,0,0,compiled_estimate_v3
Hakea stricta,Stricta Hakea,Proteaceae,TAS,0,0,0,0,0,0,0,1,1,0,0,0,0,0,0,1,1,0,0,0,0,0,0,0,compiled_estimate_v3
Melaleuca nana,Nana Melaleuca,Myrtaceae,TAS,0,0,0,0,0,0,0,0,0,1,1,1,0,0,1,1,1,0,0,0,0,0,0,0,compiled_estimate_v3
Melaleuca glabra,Glabra Melaleuca,Myrtaceae,TAS,0,0,0,0,0,0,0,0,0,1,1,1,1,1,0,0,0,0,0,0,0,0,0,0,compiled_estimate_v3
Ozothamnus rubra,Rubra Ozothamnus,Asteraceae,TAS,1,0,0,0,0,0,0,0,0,0,1,1,0,0,1,1,1,0,0,0,0,0,0,0,compiled_estimate_v3
Hakea tenuifolia,Tenuifolia Hakea,Proteaceae,TAS,1,1,0,0,0,0,0,0,0,0,1,1,1,1,1,1,0,0,0,0,0,0,0,0,compiled_estimate_v3
Banksia lanceolata,Lanceolata Banksia,Proteaceae,TAS,0,0,0,0,0,0,0,1,1,0,0,0,0,0,0,1,1,0,0,0,0,0,0,0,compiled_estimate_v3
Pomaderris alpina,Alpina Pomaderris,Rhamnaceae,TAS,0,0,0,0,0,0,0,0,0,0,1,1,1,1,1,0,0,0,0,0,0,0,0,0,compiled_estimate_v3
Correa latifolia,Latifolia Correa,Rutaceae,TAS,1,0,0,0,0,0,0,0,0,1,1,1,0,0,0,1,1,1,1,0,0,0,0,0,compiled_estimate_v3
Stylidium alpina,Alpina Stylidium,Stylidiaceae,TAS,0,0,0,0,0,0,0,0,0,1,1,1,1,1,0,0,0,0,0,0,0,0,0,0,compiled_estimate_v3
Pultenaea stricta,Stricta Pultenaea,Fabaceae,TAS,0,0,0,0,0,0,0,0,1,1,1,0,0,1,1,1,0,0,0,0,0,0,0,0,compiled_estimate_v3
Lepidosperma serrata,Serrata Lepidosperma,Cyperaceae,TAS,0,0,0,0,0,0,0,1,1,1,1,0,0,0,0,1,1,1,0,0,0,0,0,0,compiled_estimate_v3
Grevillea latifolia,Latifolia Grevillea,Proteaceae,TAS,0,0,0,0,0,0,0,0,0,0,1,1,0,0,1,1,0,0,0,0,0,0,0,0,compiled_estimate_v3
Stylidium tenuifolia,Tenuifolia Stylidium,Stylidiaceae,TAS,0,0,0,0,0,0,0,0,1,1,1,0,0,0,0,1,1,1,0,0,0,0,0,0,compiled_estimate_v3
Leptospermum grandis,Grandis Leptospermum,Myrtaceae,TAS,1,0,0,0,0,0,0,0,0,1,1,1,0,0,1,1,0,0,0,0,0,0,0,0,compiled_estimate_v3
Pultenaea alpina,Alpina Pultenaea,Fabaceae,TAS,0,0,0,0,0,0,0,1,1,1,1,0,0,0,1,1,1,0,0,0,0,0,0,0,compiled_estimate_v3
Bossiaea nana,Nana Bossiaea,Fabaceae,TAS,0,0,0,0,0,0,0,0,1,1,1,1,0,0,0,1,1,1,1,0,0,0,0,0,compiled_estimate_v3
Olearia glabra,Glabra Olearia,Asteraceae,TAS,0,0,0,0,0,0,0,0,0,1,1,0,0,0,0,1,1,1,0,0,0,0,0,0,compiled_estimate_v3
Acacia angustifolia,Angustifolia Acacia,Fabaceae,TAS,0,0,0,0,0,0,0,0,0,1,1,0,0,0,0,1,1,1,0,0,0,0,0,0,compiled_estimate_v3
Grevillea serrata,Serrata Grevillea,Proteaceae,TAS,0,0,0,0,0,0,0,0,1,1,1,0,0,1,1,1,0,0,0,0,0,0,0,0,compiled_estimate_v3
Richea tenuifolia,Tenuifolia Richea,Ericaceae,TAS,0,0,0,0,0,0,0,0,0,1,1,1,0,0,1,1,0,0,0,0,0,0,0,0,compiled_estimate_v3
Westringia grandis,Grandis Westringia,Lamiaceae,TAS,1,0,0,0,0,0,0,0,0,1,1,1,0,1,1,1,1,0,0,0,0,0,0,0,compiled_estimate_v3
Epacris rotundifolia,Rotundifolia Epacris,Ericaceae,TAS,1,1,0,0,0,0,0,0,0,0,1,1,1,1,1,0,0,0,0,0,0,0,0,0,compiled_estimate_v3
Stylidium glabra,Glabra Stylidium,Stylidiaceae,TAS,0,0,0,0,0,0,0,0,0,1,1,1,0,1,1,0,0,0,0,0,0,0,0,0,compiled_estimate_v3
Carex minor,Minor Carex,Cyperaceae,TAS,0,0,0,0,0,0,0,0,1,1,0,0,0,0,1,1,0,0,0,0,0,0,0,0,compiled_estimate_v3
Melaleuca stricta,Stricta Melaleuca,Myrtaceae,TAS,0,0,0,0,0,0,0,1,1,0,0,0,1,1,1,0,0,0,0,0,0,0,0,0,compiled_estimate_v3
Banksia pubescens,Pubescens Banksia,Proteaceae,TAS,1,0,0,0,0,0,0,0,0,0,1,1,0,0,1,1,1,0,0,0,0,0,0,0,compiled_estimate_v3
Pultenaea lanceolata,Lanceolata Pultenaea,Fabaceae,TAS,0,0,0,0,0,0,0,1,1,1,1,0,0,0,0,1,1,1,1,0,0,0,0,0,compiled_estimate_v3
Dianella densiflora,Densiflora Dianella,Asphodelaceae,TAS,1,0,0,0,0,0,0,0,0,0,1,1,0,0,0,1,1,0,0,0,0,0,0,0,compiled_estimate_v3
Pomaderris lanceolata,Lanceolata Pomaderris,Rhamnaceae,TAS,0,0,0,0,0,0,0,0,1,1,1,0,0,0,0,1,1,1,0,0,0,0,0,0,compiled_estimate_v3
Grevillea alpina,Alpina Grevillea,Proteaceae,TAS,0,0,0,0,0,0,0,0,1,1,1,0,1,1,1,1,0,0,0,0,0,0,0,0,compiled_estimate_v3
Acacia acuminata,Acuminata Acacia,Fabaceae,TAS,0,0,0,0,0,0,0,1,1,1,1,0,0,0,0,1,1,1,0,0,0,0,0,0,compiled_estimate_v3
Olearia elongata,Elongata Olearia,Asteraceae,TAS,1,0,0,0,0,0,0,0,0,1,1,1,0,1,1,1,0,0,0,0,0,0,0,0,compiled_estimate_v3
Leptospermum parviflora,Parviflora Leptospermum,Myrtaceae,TAS,0,0,0,0,0,0,0,1,1,1,1,0,0,0,1,1,1,1,0,0,0,0,0,0,compiled_estimate_v3
Hakea tasmanica,Tasmanica Hakea,Proteaceae,TAS,0,0,0,0,0,0,0,0,0,1,1,0,0,0,1,1,1,1,0,0,0,0,0,0,compiled_estimate_v3
Stylidium parviflora,Parviflora Stylidium,Stylidiaceae,TAS,1,0,0,0,0,0,0,0,0,0,1,1,0,0,0,1,1,1,1,0,0,0,0,0,compiled_estimate_v3
Drosera robusta,Robusta Drosera,Droseraceae,TAS,0,0,0,0,0,0,0,0,0,1,1,1,0,1,1,1,0,0,0,0,0,0,0,0,compiled_estimate_v3
Grevillea mucronata,Mucronata Grevillea,Proteaceae,TAS,0,0,0,0,0,0,0,1,1,0,0,0,0,0,1,1,0,0,0,0,0,0,0,0,compiled_estimate_v3
Acacia longifolia,Longifolia Acacia,Fabaceae,TAS,1,0,0,0,0,0,0,0,0,0,1,1,0,0,0,1,1,0,0,0,0,0,0,0,compiled_estimate_v3
Drosera minor,Minor Drosera,Droseraceae,TAS,0,0,0,0,0,0,0,0,0,1,1,1,1,1,0,0,0,0,0,0,0,0,0,0,compiled_estimate_v3
Poa densiflora,Densiflora Poa,Poaceae,TAS,0,0,0,0,0,0,0,0,1,1,1,0,0,0,1,1,0,0,0,0,0,0,0,0,compiled_estimate_v3
Carex grandis,Grandis Carex,Cyperaceae,TAS,0,0,0,0,0,0,0,0,0,1,1,0,0,0,0,1,1,1,1,0,0,0,0,0,compiled_estimate_v3
Stylidium densiflora,Densiflora Stylidium,Stylidiaceae,TAS,0,0,0,0,0,0,0,1,1,0,0,0,0,0,0,1,1,1,1,0,0,0,0,0,compiled_estimate_v3
Melaleuca mucronata,Mucronata Melaleuca,Myrtaceae,TAS,1,1,0,0,0,0,0,0,0,0,1,1,1,1,0,0,0,0,0,0,0,0,0,0,compiled_estimate_v3
Wahlenbergia parviflora,Parviflora Wahlenbergia,Campanulaceae,TAS,1,0,0,0,0,0,0,0,0,1,1,1,0,0,0,1,1,0,0,0,0,0,0,0,compiled_estimate_v3
Bossiaea robusta,Robusta Bossiaea,Fabaceae,TAS,0,0,0,0,0,0,0,0,1,1,1,0,0,1,1,0,0,0,0,0,0,0,0,0,compiled_estimate_v3
Lepidosperma robusta,Robusta Lepidosperma,Cyperaceae,TAS,0,0,0,0,0,0,0,0,0,1,1,0,0,0,1,1,0,0,0,0,0,0,0,0,compiled_estimate_v3
Ozothamnus rotundifolia,Rotundifolia Ozothamnus,Asteraceae,TAS,0,0,0,0,0,0,0,1,1,1,1,0,0,0,1,1,0,0,0,0,0,0,0,0,compiled_estimate_v3
Olearia pubescens,Pubescens Olearia,Asteraceae,TAS,1,1,0,0,0,0,0,0,0,0,1,1,0,0,1,1,0,0,0,0,0,0,0,0,compiled_estimate_v3
Tasmannia glabra,Glabra Tasmannia,Winteraceae,TAS,1,0,0,0,0,0,0,0,0,0,1,1,0,0,0,1,1,0,0,0,0,0,0,0,compiled_estimate_v3
Carex major,Major Carex,Cyperaceae,TAS,1,0,0,0,0,0,0,0,0,0,1,1,0,0,1,1,1,1,0,0,0,0,0,0,compiled_estimate_v3
Carex nana,Nana Carex,Cyperaceae,TAS,0,0,0,0,0,0,0,0,1,1,1,0,0,1,1,1,1,0,0,0,0,0,0,0,compiled_estimate_v3
Lepidosperma tenuifolia,Tenuifolia Lepidosperma,Cyperaceae,TAS,0,0,0,0,0,0,0,1,1,0,0,0,1,1,1,0,0,0,0,0,0,0,0,0,compiled_estimate_v3
Ozothamnus glabra,Glabra Ozothamnus,Asteraceae,TAS,1,0,0,0,0,0,0,0,0,1,1,1,0,0,0,1,1,1,1,0,0,0,0,0,compiled_estimate_v3
Lepidosperma parviflora,Parviflora Lepidosperma,Cyperaceae,TAS,0,0,0,0,0,0,0,0,0,0,1,1,1,1,0,0,0,0,0,0,0,0,0,0,compiled_estimate_v3
Lepidosperma rubra,Rubra Lepidosperma,Cyperaceae,TAS,1,0,0,0,0,0,0,0,0,1,1,1,0,1,1,1,1,0,0,0,0,0,0,0,compiled_estimate_v3
Ozothamnus nana,Nana Ozothamnus,Asteraceae,TAS,0,0,0,0,0,0,0,0,1,1,1,1,1,1,0,0,0,0,0,0,0,0,0,0,compiled_estimate_v3
Olearia angustifolia,Angustifolia Olearia,Asteraceae,TAS,0,0,0,0,0,0,0,0,0,1,1,1,0,0,0,1,1,1,1,0,0,0,0,0,compiled_estimate_v3
Eucalyptus serrata,Serrata Eucalyptus,Myrtaceae,TAS,1,1,0,0,0,0,0,0,0,0,1,1,0,0,0,1,1,1,1,0,0,0,0,0,compiled_estimate_v3
Melaleuca densiflora,Densiflora Melaleuca,Myrtaceae,TAS,0,0,0,0,0,0,0,0,0,1,1,0,0,0,1,1,1,0,0,0,0,0,0,0,compiled_estimate_v3
Lepidosperma australis,Australis Lepidosperma,Cyperaceae,TAS,0,0,0,0,0,0,0,0,0,1,1,0,1,1,0,0,0,0,0,0,0,0,0,0,compiled_estimate_v3
Tasmannia angustifolia,Angustifolia Tasmannia,Winteraceae,TAS,0,0,0,0,0,0,0,1,1,0,0,0,0,0,1,1,1,0,0,0,0,0,0,0,compiled_estimate_v3
Wahlenbergia major,Major Wahlenbergia,Campanulaceae,TAS,0,0,0,0,0,0,0,0,1,1,1,1,1,1,1,0,0,0,0,0,0,0,0,0,compiled_estimate_v3
Tasmannia tasmanica,Tasmanica Tasmannia,Winteraceae,TAS,1,1,0,0,0,0,0,0,0,0,1,1,0,0,1,1,1,1,0,0,0,0,0,0,compiled_estimate_v3
Leptospermum stricta,Stricta Leptospermum,Myrtaceae,TAS,0,0,0,0,0,0,0,0,0,1,1,1,0,0,1,1,1,0,0,0,0,0,0,0,compiled_estimate_v3
Grevillea tenuifolia,Tenuifolia Grevillea,Proteaceae,TAS,0,0,0,0,0,0,0,0,0,0,1,1,0,0,1,1,1,0,0,0,0,0,0,0,compiled_estimate_v3
Pultenaea elongata,Elongata Pultenaea,Fabaceae,TAS,0,0,0,0,0,0,0,0,0,1,1,0,0,0,0,1,1,0,0,0,0,0,0,0,compiled_estimate_v3
Banksia rubra,Rubra Banksia,Proteaceae,TAS,0,0,0,0,0,0,0,0,0,1,1,0,0,1,1,1,0,0,0,0,0,0,0,0,compiled_estimate_v3
Pultenaea montana,Montana Pultenaea,Fabaceae,TAS,0,0,0,0,0,0,0,0,0,1,1,0,1,1,1,1,0,0,0,0,0,0,0,0,compiled_estimate_v3
Wahlenbergia nana,Nana Wahlenbergia,Campanulaceae,TAS,0,0,0,0,0,0,0,1,1,1,0,0,1,1,1,1,0,0,0,0,0,0,0,0,compiled_estimate_v3
Ozothamnus alba,Alba Ozothamnus,Asteraceae,TAS,0,0,0,0,0,0,0,0,1,1,0,0,1,1,0,0,0,0,0,0,0,0,0,0,compiled_estimate_v3
Prostanthera acuminata,Acuminata Prostanthera,Lamiaceae,TAS,0,0,0,0,0,0,0,0,0,1,1,0,0,1,1,1,1,0,0,0,0,0,0,0,compiled_estimate_v3
Westringia compacta,Compacta Westringia,Lamiaceae,TAS,0,0,0,0,0,0,0,0,1,1,0,0,0,0,0,1,1,1,0,0,0,0,0,0,compiled_estimate_v3
Leptospermum alpina,Alpina Leptospermum,Myrtaceae,TAS,1,1,0,0,0,0,0,0,0,0,1,1,1,1,0,0,0,0,0,0,0,0,0,0,compiled_estimate_v3
Stylidium compacta,Compacta Stylidium,Stylidiaceae,TAS,1,0,0,0,0,0,0,0,0,1,1,1,0,0,0,1,1,0,0,0,0,0,0,0,compiled_estimate_v3
Poa alba,Alba Poa,Poaceae,TAS,0,0,0,0,0,0,0,1,1,1,0,0,1,1,0,0,0,0,0,0,0,0,0,0,compiled_estimate_v3
Correa minor,Minor Correa,Rutaceae,TAS,1,0,0,0,0,0,0,0,0,0,1,1,0,0,0,1,1,1,1,0,0,0,0,0,compiled_estimate_v3
Drosera grandis,Grandis Drosera,Droseraceae,TAS,0,0,0,0,0,0,0,1,1,1,0,0,1,1,1,1,0,0,0,0,0,0,0,0,compiled_estimate_v3
Ozothamnus minor,Minor Ozothamnus,Asteraceae,TAS,0,0,0,0,0,0,0,0,1,1,0,0,1,1,1,0,0,0,0,0,0,0,0,0,compiled_estimate_v3
Pomaderris robusta,Robusta Pomaderris,Rhamnaceae,TAS,0,0,0,0,0,0,0,1,1,1,0,0,0,1,1,1,0,0,0,0,0,0,0,0,compiled_estimate_v3
Richea viridis,Viridis Richea,Ericaceae,TAS,0,0,0,0,0,0,0,1,1,0,0,0,1,1,1,1,0,0,0,0,0,0,0,0,compiled_estimate_v3
Lomatia montana,Montana Lomatia,Proteaceae,TAS,0,0,0,0,0,0,0,0,0,1,1,1,1,1,1,0,0,0,0,0,0,0,0,0,compiled_estimate_v3
Westringia glabra,Glabra Westringia,Lamiaceae,TAS,0,0,0,0,0,0,0,0,1,1,0,0,0,0,1,1,1,1,0,0,0,0,0,0,compiled_estimate_v3
Carex stricta,Stricta Carex,Cyperaceae,TAS,0,0,0,0,0,0,0,0,1,1,1,1,0,0,0,1,1,1,1,0,0,0,0,0,compiled_estimate_v3
Wahlenbergia longifolia,Longifolia Wahlenbergia,Campanulaceae,TAS,0,0,0,0,0,0,0,0,0,1,1,0,0,1,1,1,1,0,0,0,0,0,0,0,compiled_estimate_v3
Melaleuca latifolia,Latifolia Melaleuca,Myrtaceae,TAS,0,0,0,0,0,0,0,0,1,1,1,0,0,0,1,1,1,1,0,0,0,0,0,0,compiled_estimate_v3
Ozothamnus serrata,Serrata Ozothamnus,Asteraceae,TAS,0,0,0,0,0,0,0,0,0,0,1,1,0,0,1,1,1,0,0,0,0,0,0,0,compiled_estimate_v3
Epacris alpina,Alpina Epacris,Ericaceae,TAS,1,0,0,0,0,0,0,0,0,1,1,1,0,0,0,1,1,1,0,0,0,0,0,0,compiled_estimate_v3
Westringia rubra,Rubra Westringia,Lamiaceae,TAS,1,0,0,0,0,0,0,0,0,1,1,1,1,1,0,0,0,0,0,0,0,0,0,0,compiled_estimate_v3
Hakea grandis,Grandis Hakea,Proteaceae,TAS,0,0,0,0,0,0,0,0,1,1,1,1,0,0,0,1,1,0,0,0,0,0,0,0,compiled_estimate_v3
Lepidosperma densiflora,Densiflora Lepidosperma,Cyperaceae,TAS,0,0,0,0,0,0,0,0,0,1,1,0,0,0,0,1,1,0,0,0,0,0,0,0,compiled_estimate_v3
Dianella compacta,Compacta Dianella,Asphodelaceae,TAS,0,0,0,0,0,0,0,0,0,1,1,1,0,0,1,1,1,0,0,0,0,0,0,0,compiled_estimate_v3
Hakea parviflora,Parviflora Hakea,Proteaceae,TAS,0,0,0,0,0,0,0,0,0,1,1,0,0,0,0,1,1,1,0,0,0,0,0,0,compiled_estimate_v3
Pultenaea glabra,Glabra Pultenaea,Fabaceae,TAS,0,0,0,0,0,0,0,0,1,1,0,0,1,1,0,0,0,0,0,0,0,0,0,0,compiled_estimate_v3
Pultenaea latifolia,Latifolia Pultenaea,Fabaceae,TAS,0,0,0,0,0,0,0,0,0,1,1,0,1,1,1,0,0,0,0,0,0,0,0,0,compiled_estimate_v3
Hakea robusta,Robusta Hakea,Proteaceae,TAS,0,0,0,0,0,0,0,0,1,1,1,0,0,0,1,1,1,1,0,0,0,0,0,0,compiled_estimate_v3
Hakea elongata,Elongata Hakea,Proteaceae,TAS,0,0,0,0,0,0,0,0,0,1,1,0,0,1,1,1,1,0,0,0,0,0,0,0,compiled_estimate_v3
Pomaderris major,Major Pomaderris,Rhamnaceae,TAS,0,0,0,0,0,0,0,0,1,1,1,0,0,0,1,1,0,0,0,0,0,0,0,0,compiled_estimate_v3
Melaleuca grandis,Grandis Melaleuca,Myrtaceae,TAS,0,0,0,0,0,0,0,0,1,1,1,0,0,0,1,1,1,0,0,0,0,0,0,0,compiled_estimate_v3
Carex compacta,Compacta Carex,Cyperaceae,TAS,0,0,0,0,0,0,0,0,1,1,0,0,0,0,1,1,1,1,0,0,0,0,0,0,compiled_estimate_v3
Dianella rubra,Rubra Dianella,Asphodelaceae,TAS,0,0,0,0,0,0,0,0,1,1,1,0,1,1,1,0,0,0,0,0,0,0,0,0,compiled_estimate_v3
Acacia mucronata,Mucronata Acacia,Fabaceae,TAS,0,0,0,0,0,0,0,1,1,1,1,0,0,0,0,1,1,1,1,0,0,0,0,0,compiled_estimate_v3
Wahlenbergia robusta,Robusta Wahlenbergia,Campanulaceae,TAS,0,0,0,0,0,0,0,0,0,0,1,1,0,0,0,1,1,1,0,0,0,0,0,0,compiled_estimate_v3
Hakea rubra,Rubra Hakea,Proteaceae,TAS,0,0,0,0,0,0,0,1,1,0,0,0,0,0,0,1,1,1,1,0,0,0,0,0,compiled_estimate_v3
Bossiaea rubra,Rubra Bossiaea,Fabaceae,TAS,0,0,0,0,0,0,0,0,1,1,1,1,1,1,0,0,0,0,0,0,0,0,0,0,compiled_estimate_v3
Leptospermum alba,Alba Leptospermum,Myrtaceae,TAS,0,0,0,0,0,0,0,0,1,1,0,0,1,1,1,1,0,0,0,0,0,0,0,0,compiled_estimate_v3
Hakea viridis,Viridis Hakea,Proteaceae,TAS,0,0,0,0,0,0,0,0,1,1,1,1,0,0,0,1,1,0,0,0,0,0,0,0,compiled_estimate_v3
Epacris latifolia,Latifolia Epacris,Ericaceae,TAS,0,0,0,0,0,0,0,1,1,0,0,0,0,1,1,1,1,0,0,0,0,0,0,0,compiled_estimate_v3
Pomaderris pubescens,Pubescens Pomaderris,Rhamnaceae,TAS,1,0,0,0,0,0,0,0,0,0,1,1,1,1,1,0,0,0,0,0,0,0,0,0,compiled_estimate_v3
Westringia mucronata,Mucronata Westringia,Lamiaceae,TAS,0,0,0,0,0,0,0,0,1,1,0,0,0,0,0,1,1,0,0,0,0,0,0,0,compiled_estimate_v3
Lomatia grandis,Grandis Lomatia,Proteaceae,TAS,0,0,0,0,0,0,0,1,1,0,0,0,0,0,1,1,1,0,0,0,0,0,0,0,compiled_estimate_v3
Lepidosperma montana,Montana Lepidosperma,Cyperaceae,TAS,0,0,0,0,0,0,0,0,0,0,1,1,0,0,1,1,0,0,0,0,0,0,0,0,compiled_estimate_v3
Carex tenuifolia,Tenuifolia Carex,Cyperaceae,TAS,0,0,0,0,0,0,0,0,0,0,1,1,0,1,1,1,0,0,0,0,0,0,0,0,compiled_estimate_v3
Melaleuca tasmanica,Tasmanica Melaleuca,Myrtaceae,TAS,0,0,0,0,0,0,0,0,0,1,1,0,0,0,1,1,0,0,0,0,0,0,0,0,compiled_estimate_v3
Ozothamnus angustifolia,Angustifolia Ozothamnus,Asteraceae,TAS,0,0,0,0,0,0,0,0,0,1,1,1,0,0,1,1,1,1,0,0,0,0,0,0,compiled_estimate_v3
Banksia minor,Minor Banksia,Proteaceae,TAS,0,0,0,0,0,0,0,1,1,1,1,0,0,0,0,1,1,1,1,0,0,0,0,0,compiled_estimate_v3
Bossiaea angustifolia,Angustifolia Bossiaea,Fabaceae,TAS,1,0,0,0,0,0,0,0,0,1,1,1,1,1,1,1,0,0,0,0,0,0,0,0,compiled_estimate_v3
Stylidium stricta,Stricta Stylidium,Stylidiaceae,TAS,0,0,0,0,0,0,0,0,1,1,1,1,1,1,1,1,0,0,0,0,0,0,0,0,compiled_estimate_v3
Prostanthera densiflora,Densiflora Prostanthera,Lamiaceae,TAS,0,0,0,0,0,0,0,0,0,0,1,1,0,0,0,1,1,1,0,0,0,0,0,0,compiled_estimate_v3
Richea major,Major Richea,Ericaceae,TAS,0,0,0,0,0,0,0,0,0,1,1,0,1,1,1,1,0,0,0,0,0,0,0,0,compiled_estimate_v3
Dianella alba,Alba Dianella,Asphodelaceae,TAS,0,0,0,0,0,0,0,0,1,1,0,0,0,0,0,1,1,1,1,0,0,0,0,0,compiled_estimate_v3
Olearia latifolia,Latifolia Olearia,Asteraceae,TAS,1,0,0,0,0,0,0,0,0,0,1,1,0,1,1,1,1,0,0,0,0,0,0,0,compiled_estimate_v3
Dianella nana,Nana Dianella,Asphodelaceae,TAS,0,0,0,0,0,0,0,1,1,0,0,0,1,1,1,0,0,0,0,0,0,0,0,0,compiled_estimate_v3
Wahlenbergia lanceolata,Lanceolata Wahlenbergia,Campanulaceae,TAS,1,1,0,0,0,0,0,0,0,0,1,1,0,0,1,1,1,0,0,0,0,0,0,0,compiled_estimate_v3
Hakea serrata,Serrata Hakea,Proteaceae,TAS,1,0,0,0,0,0,0,0,0,0,1,1,1,1,1,1,0,0,0,0,0,0,0,0,compiled_estimate_v3
Ozothamnus mucronata,Mucronata Ozothamnus,Asteraceae,TAS,1,1,0,0,0,0,0,0,0,0,1,1,0,0,1,1,0,0,0,0,0,0,0,0,compiled_estimate_v3
Pomaderris viridis,Viridis Pomaderris,Rhamnaceae,TAS,1,0,0,0,0,0,0,0,0,0,1,1,0,0,0,1,1,1,1,0,0,0,0,0,compiled_estimate_v3
Correa alba,Alba Correa,Rutaceae,TAS,0,0,0,0,0,0,0,0,0,0,1,1,1,1,1,0,0,0,0,0,0,0,0,0,compiled_estimate_v3
Poa rubra,Rubra Poa,Poaceae,TAS,0,0,0,0,0,0,0,1,1,0,0,0,0,0,1,1,0,0,0,0,0,0,0,0,compiled_estimate_v3
Prostanthera tasmanica,Tasmanica Prostanthera,Lamiaceae,TAS,0,0,0,0,0,0,0,0,0,1,1,1,0,1,1,1,1,0,0,0,0,0,0,0,compiled_estimate_v3
Tasmannia stricta,Stricta Tasmannia,Winteraceae,TAS,0,0,0,0,0,0,0,1,1,1,0,0,0,0,1,1,0,0,0,0,0,0,0,0,compiled_estimate_v3
Drosera stricta,Stricta Drosera,Droseraceae,TAS,1,1,0,0,0,0,0,0,0,0,1,1,0,0,1,1,0,0,0,0,0,0,0,0,compiled_estimate_v3
Olearia acuminata,Acuminata Olearia,Asteraceae,TAS,0,0,0,0,0,0,0,0,1,1,0,0,0,0,1,1,0,0,0,0,0,0,0,0,compiled_estimate_v3
Drosera parviflora,Parviflora Drosera,Droseraceae,TAS,0,0,0,0,0,0,0,0,1,1,1,0,0,1,1,1,1,0,0,0,0,0,0,0,compiled_estimate_v3
Carex acuminata,Acuminata Carex,Cyperaceae,TAS,0,0,0,0,0,0,0,0,1,1,0,0,0,1,1,1,1,0,0,0,0,0,0,0,compiled_estimate_v3
Tasmannia pubescens,Pubescens Tasmannia,Winteraceae,TAS,1,1,0,0,0,0,0,0,0,0,1,1,0,0,1,1,1,1,0,0,0,0,0,0,compiled_estimate_v3
Olearia parviflora,Parviflora Olearia,Asteraceae,TAS,0,0,0,0,0,0,0,0,0,1,1,1,0,0,1,1,0,0,0,0,0,0,0,0,compiled_estimate_v3
Lepidosperma alpina,Alpina Lepidosperma,Cyperaceae,TAS,0,0,0,0,0,0,0,0,0,0,1,1,0,0,0,1,1,0,0,0,0,0,0,0,compiled_estimate_v3
Epacris major,Major Epacris,Ericaceae,TAS,0,0,0,0,0,0,0,0,1,1,0,0,0,1,1,1,0,0,0,0,0,0,0,0,compiled_estimate_v3
Tasmannia montana,Montana Tasmannia,Winteraceae,TAS,1,0,0,0,0,0,0,0,0,0,1,1,0,0,1,1,0,0,0,0,0,0,0,0,compiled_estimate_v3
Acacia australis,Australis Acacia,Fabaceae,TAS,0,0,0,0,0,0,0,1,1,1,1,0,0,0,1,1,1,1,0,0,0,0,0,0,compiled_estimate_v3
Stylidium lanceolata,Lanceolata Stylidium,Stylidiaceae,TAS,0,0,0,0,0,0,0,1,1,0,0,0,0,1,1,1,0,0,0,0,0,0,0,0,compiled_estimate_v3
Bossiaea montana,Montana Bossiaea,Fabaceae,TAS,1,0,0,0,0,0,0,0,0,0,1,1,0,1,1,1,1,0,0,0,0,0,0,0,compiled_estimate_v3
Bossiaea alba,Alba Bossiaea,Fabaceae,TAS,1,1,0,0,0,0,0,0,0,0,1,1,0,0,0,1,1,1,1,0,0,0,0,0,compiled_estimate_v3
Grevillea acuminata,Acuminata Grevillea,Proteaceae,TAS,1,0,0,0,0,0,0,0,0,0,1,1,0,0,1,1,0,0,0,0,0,0,0,0,compiled_estimate_v3
Stylidium tasmanica,Tasmanica Stylidium,Stylidiaceae,TAS,0,0,0,0,0,0,0,0,0,1,1,1,0,1,1,0,0,0,0,0,0,0,0,0,compiled_estimate_v3
Eucalyptus lanceolata,Lanceolata Eucalyptus,Myrtaceae,TAS,0,0,0,0,0,0,0,1,1,0,0,0,0,0,1,1,1,0,0,0,0,0,0,0,compiled_estimate_v3
Melaleuca rotundifolia,Rotundifolia Melaleuca,Myrtaceae,TAS,0,0,0,0,0,0,0,0,1,1,1,0,0,0,1,1,1,0,0,0,0,0,0,0,compiled_estimate_v3
Tasmannia densiflora,Densiflora Tasmannia,Winteraceae,TAS,0,0,0,0,0,0,0,0,0,1,1,0,0,1,1,1,1,0,0,0,0,0,0,0,compiled_estimate_v3
Correa glabra,Glabra Correa,Rutaceae,TAS,1,1,0,0,0,0,0,0,0,0,1,1,0,1,1,1,1,0,0,0,0,0,0,0,compiled_estimate_v3
Melaleuca australis,Australis Melaleuca,Myrtaceae,TAS,1,0,0,0,0,0,0,0,0,0,1,1,1,1,0,0,0,0,0,0,0,0,0,0,compiled_estimate_v3
Richea compacta,Compacta Richea,Ericaceae,TAS,0,0,0,0,0,0,0,0,1,1,0,0,1,1,1,1,0,0,0,0,0,0,0,0,compiled_estimate_v3
Lomatia compacta,Compacta Lomatia,Proteaceae,TAS,1,0,0,0,0,0,0,0,0,1,1,1,0,1,1,1,0,0,0,0,0,0,0,0,compiled_estimate_v3
Lomatia rubra,Rubra Lomatia,Proteaceae,TAS,0,0,0,0,0,0,0,0,0,0,1,1,1,1,0,0,0,0,0,0,0,0,0,0,compiled_estimate_v3
Pomaderris mucronata,Mucronata Pomaderris,Rhamnaceae,TAS,0,0,0,0,0,0,0,0,0,0,1,1,0,0,0,1,1,1,1,0,0,0,0,0,compiled_estimate_v3
Pultenaea minor,Minor Pultenaea,Fabaceae,TAS,0,0,0,0,0,0,0,0,1,1,1,0,0,0,1,1,1,0,0,0,0,0,0,0,compiled_estimate_v3
Wahlenbergia pubescens,Pubescens Wahlenbergia,Campanulaceae,TAS,0,0,0,0,0,0,0,0,1,1,1,0,0,0,1,1,0,0,0,0,0,0,0,0,compiled_estimate_v3
Eucalyptus minor,Minor Eucalyptus,Myrtaceae,TAS,1,0,0,0,0,0,0,0,0,0,1,1,0,0,1,1,0,0,0,0,0,0,0,0,compiled_estimate_v3
Olearia australis,Australis Olearia,Asteraceae,TAS,1,1,0,0,0,0,0,0,0,0,1,1,0,1,1,0,0,0,0,0,0,0,0,0,compiled_estimate_v3
Poa major,Major Poa,Poaceae,TAS,1,1,0,0,0,0,0,0,0,0,1,1,0,1,1,1,1,0,0,0,0,0,0,0,compiled_estimate_v3
Dianella tenuifolia,Tenuifolia Dianella,Asphodelaceae,TAS,0,0,0,0,0,0,0,0,0,1,1,1,0,0,0,1,1,1,0,0,0,0,0,0,compiled_estimate_v3
Epacris montana,Montana Epacris,Ericaceae,TAS,0,0,0,0,0,0,0,0,0,0,1,1,0,0,0,1,1,1,0,0,0,0,0,0,compiled_estimate_v3
Leptospermum mucronata,Mucronata Leptospermum,Myrtaceae,TAS,0,0,0,0,0,0,0,1,1,0,0,0,1,1,1,0,0,0,0,0,0,0,0,0,compiled_estimate_v3
Leptospermum compacta,Compacta Leptospermum,Myrtaceae,TAS,0,0,0,0,0,0,0,0,0,0,1,1,0,0,0,1,1,0,0,0,0,0,0,0,compiled_estimate_v3
Melaleuca pubescens,Pubescens Melaleuca,Myrtaceae,TAS,0,0,0,0,0,0,0,0,0,0,1,1,0,0,0,1,1,1,0,0,0,0,0,0,compiled_estimate_v3
Prostanthera mucronata,Mucronata Prostanthera,Lamiaceae,TAS,1,1,0,0,0,0,0,0,0,0,1,1,0,0,1,1,1,1,0,0,0,0,0,0,compiled_estimate_v3
Poa lanceolata,Lanceolata Poa,Poaceae,TAS,0,0,0,0,0,0,0,1,1,0,0,0,1,1,0,0,0,0,0,0,0,0,0,0,compiled_estimate_v3
Bossiaea serrata,Serrata Bossiaea,Fabaceae,TAS,0,0,0,0,0,0,0,0,1,1,1,1,0,1,1,1,0,0,0,0,0,0,0,0,compiled_estimate_v3
Eucalyptus alba,Alba Eucalyptus,Myrtaceae,TAS,1,0,0,0,0,0,0,0,0,1,1,1,1,1,0,0,0,0,0,0,0,0,0,0,compiled_estimate_v3
Eucalyptus tenuifolia,Tenuifolia Eucalyptus,Myrtaceae,TAS,0,0,0,0,0,0,0,1,1,1,0,0,1,1,1,1,0,0,0,0,0,0,0,0,compiled_estimate_v3
Carex mucronata,Mucronata Carex,Cyperaceae,TAS,1,0,0,0,0,0,0,0,0,0,1,1,0,1,1,1,0,0,0,0,0,0,0,0,compiled_estimate_v3
Dianella acuminata,Acuminata Dianella,Asphodelaceae,TAS,0,0,0,0,0,0,0,0,0,0,1,1,0,1,1,1,0,0,0,0,0,0,0,0,compiled_estimate_v3
Hakea rotundifolia,Rotundifolia Hakea,Proteaceae,TAS,0,0,0,0,0,0,0,1,1,1,0,0,0,1,1,1,0,0,0,0,0,0,0,0,compiled_estimate_v3
Leptospermum lanceolata,Lanceolata Leptospermum,Myrtaceae,TAS,0,0,0,0,0,0,0,1,1,1,0,0,0,0,1,1,0,0,0,0,0,0,0,0,compiled_estimate_v3
Carex alpina,Alpina Carex,Cyperaceae,TAS,0,0,0,0,0,0,0,0,1,1,0,0,0,0,1,1,0,0,0,0,0,0,0,0,compiled_estimate_v3
Pultenaea densiflora,Densiflora Pultenaea,Fabaceae,TAS,0,0,0,0,0,0,0,0,1,1,1,1,1,1,1,0,0,0,0,0,0,0,0,0,compiled_estimate_v3
Pultenaea longifolia,Longifolia Pultenaea,Fabaceae,TAS,0,0,0,0,0,0,0,0,0,1,1,0,0,0,0,1,1,0,0,0,0,0,0,0,compiled_estimate_v3
Olearia alba,Alba Olearia,Asteraceae,TAS,1,1,0,0,0,0,0,0,0,0,1,1,0,0,1,1,1,1,0,0,0,0,0,0,compiled_estimate_v3
Carex lanceolata,Lanceolata Carex,Cyperaceae,TAS,0,0,0,0,0,0,0,0,0,0,1,1,0,1,1,1,1,0,0,0,0,0,0,0,compiled_estimate_v3
Eucalyptus alpina,Alpina Eucalyptus,Myrtaceae,TAS,0,0,0,0,0,0,0,0,1,1,0,0,0,0,1,1,0,0,0,0,0,0,0,0,compiled_estimate_v3
Epacris elongata,Elongata Epacris,Ericaceae,TAS,1,0,0,0,0,0,0,0,0,1,1,1,1,1,1,0,0,0,0,0,0,0,0,0,compiled_estimate_v3
Epacris nana,Nana Epacris,Ericaceae,TAS,1,1,0,0,0,0,0,0,0,0,1,1,1,1,1,0,0,0,0,0,0,0,0,0,compiled_estimate_v3
Dianella pubescens,Pubescens Dianella,Asphodelaceae,TAS,1,0,0,0,0,0,0,0,0,1,1,1,1,1,1,1,0,0,0,0,0,0,0,0,compiled_estimate_v3
Lepidosperma acuminata,Acuminata Lepidosperma,Cyperaceae,TAS,1,1,0,0,0,0,0,0,0,0,1,1,0,1,1,1,0,0,0,0,0,0,0,0,compiled_estimate_v3
Prostanthera parviflora,Parviflora Prostanthera,Lamiaceae,TAS,0,0,0,0,0,0,0,0,1,1,1,1,0,1,1,1,0,0,0,0,0,0,0,0,compiled_estimate_v3
Pultenaea acuminata,Acuminata Pultenaea,Fabaceae,TAS,0,0,0,0,0,0,0,1,1,1,1,0,1,1,1,0,0,0,0,0,0,0,0,0,compiled_estimate_v3
Carex latifolia,Latifolia Carex,Cyperaceae,TAS,0,0,0,0,0,0,0,0,0,0,1,1,0,0,1,1,1,1,0,0,0,0,0,0,compiled_estimate_v3
Correa densiflora,Densiflora Correa,Rutaceae,TAS,0,0,0,0,0,0,0,1,1,0,0,0,1,1,1,0,0,0,0,0,0,0,0,0,compiled_estimate_v3
Carex angustifolia,Angustifolia Carex,Cyperaceae,TAS,0,0,0,0,0,0,0,0,1,1,1,1,0,1,1,1,1,0,0,0,0,0,0,0,compiled_estimate_v3
Eucalyptus major,Major Eucalyptus,Myrtaceae,TAS,0,0,0,0,0,0,0,0,0,1,1,0,0,0,0,1,1,1,0,0,0,0,0,0,compiled_estimate_v3
Bossiaea lanceolata,Lanceolata Bossiaea,Fabaceae,TAS,0,0,0,0,0,0,0,1,1,1,0,0,0,0,0,1,1,1,0,0,0,0,0,0,compiled_estimate_v3
Banksia grandis,Grandis Banksia,Proteaceae,TAS,0,0,0,0,0,0,0,0,0,0,1,1,0,1,1,1,0,0,0,0,0,0,0,0,compiled_estimate_v3
Acacia serrata,Serrata Acacia,Fabaceae,TAS,0,0,0,0,0,0,0,1,1,1,1,0,0,1,1,0,0,0,0,0,0,0,0,0,compiled_estimate_v3
Acacia glabra,Glabra Acacia,Fabaceae,TAS,1,1,0,0,0,0,0,0,0,0,1,1,0,1,1,0,0,0,0,0,0,0,0,0,compiled_estimate_v3
Grevillea alba,Alba Grevillea,Proteaceae,TAS,0,0,0,0,0,0,0,0,1,1,0,0,1,1,1,0,0,0,0,0,0,0,0,0,compiled_estimate_v3
Dianella alpina,Alpina Dianella,Asphodelaceae,TAS,0,0,0,0,0,0,0,0,0,1,1,1,1,1,1,1,0,0,0,0,0,0,0,0,compiled_estimate_v3
Wahlenbergia alpina,Alpina Wahlenbergia,Campanulaceae,TAS,0,0,0,0,0,0,0,0,1,1,1,0,0,1,1,1,1,0,0,0,0,0,0,0,compiled_estimate_v3
Wahlenbergia elongata,Elongata Wahlenbergia,Campanulaceae,TAS,1,1,0,0,0,0,0,0,0,0,1,1,0,0,1,1,0,0,0,0,0,0,0,0,compiled_estimate_v3
Dianella grandis,Grandis Dianella,Asphodelaceae,TAS,0,0,0,0,0,0,0,0,0,1,1,1,0,1,1,0,0,0,0,0,0,0,0,0,compiled_estimate_v3
Bossiaea alpina,Alpina Bossiaea,Fabaceae,TAS,1,0,0,0,0,0,0,0,0,1,1,1,1,1,1,1,0,0,0,0,0,0,0,0,compiled_estimate_v3
Lomatia robusta,Robusta Lomatia,Proteaceae,TAS,1,0,0,0,0,0,0,0,0,1,1,1,1,1,1,0,0,0,0,0,0,0,0,0,compiled_estimate_v3
Melaleuca compacta,Compacta Melaleuca,Myrtaceae,TAS,0,0,0,0,0,0,0,0,1,1,0,0,1,1,1,0,0,0,0,0,0,0,0,0,compiled_estimate_v3
Correa robusta,Robusta Correa,Rutaceae,TAS,0,0,0,0,0,0,0,1,1,1,1,0,0,0,0,1,1,1,1,0,0,0,0,0,compiled_estimate_v3
Drosera pubescens,Pubescens Drosera,Droseraceae,TAS,1,0,0,0,0,0,0,0,0,0,1,1,0,1,1,1,1,0,0,0,0,0,0,0,compiled_estimate_v3
Epacris robusta,Robusta Epacris,Ericaceae,TAS,0,0,0,0,0,0,0,1,1,1,0,0,0,0,0,1,1,1,1,0,0,0,0,0,compiled_estimate_v3
Grevillea compacta,Compacta Grevillea,Proteaceae,TAS,1,0,0,0,0,0,0,0,0,1,1,1,0,0,1,1,1,1,0,0,0,0,0,0,compiled_estimate_v3
Lepidosperma angustifolia,Angustifolia Lepidosperma,Cyperaceae,TAS,1,0,0,0,0,0,0,0,0,0,1,1,1,1,1,1,0,0,0,0,0,0,0,0,compiled_estimate_v3
Lomatia alba,Alba Lomatia,Proteaceae,TAS,1,0,0,0,0,0,0,0,0,0,1,1,0,1,1,1,1,0,0,0,0,0,0,0,compiled_estimate_v3
Olearia major,Major Olearia,Asteraceae,TAS,1,0,0,0,0,0,0,0,0,0,1,1,0,0,1,1,0,0,0,0,0,0,0,0,compiled_estimate_v3
Richea acuminata,Acuminata Richea,Ericaceae,TAS,0,0,0,0,0,0,0,0,1,1,1,0,0,1,1,1,0,0,0,0,0,0,0,0,compiled_estimate_v3
Banksia nana,Nana Banksia,Proteaceae,TAS,0,0,0,0,0,0,0,1,1,0,0,0,0,0,0,1,1,1,1,0,0,0,0,0,compiled_estimate_v3
Eucalyptus nana,Nana Eucalyptus,Myrtaceae,TAS,1,0,0,0,0,0,0,0,0,0,1,1,1,1,1,1,0,0,0,0,0,0,0,0,compiled_estimate_v3
Epacris tenuifolia,Tenuifolia Epacris,Ericaceae,TAS,0,0,0,0,0,0,0,1,1,1,0,0,0,1,1,0,0,0,0,0,0,0,0,0,compiled_estimate_v3
Correa australis,Australis Correa,Rutaceae,TAS,1,0,0,0,0,0,0,0,0,0,1,1,1,1,0,0,0,0,0,0,0,0,0,0,compiled_estimate_v3
Hakea compacta,Compacta Hakea,Proteaceae,TAS,0,0,0,0,0,0,0,1,1,1,1,0,0,1,1,0,0,0,0,0,0,0,0,0,compiled_estimate_v3
Westringia lanceolata,Lanceolata Westringia,Lamiaceae,TAS,1,1,0,0,0,0,0,0,0,0,1,1,0,0,0,1,1,1,1,0,0,0,0,0,compiled_estimate_v3
Stylidium pubescens,Pubescens Stylidium,Stylidiaceae,TAS,0,0,0,0,0,0,0,1,1,0,0,0,0,1,1,1,1,0,0,0,0,0,0,0,compiled_estimate_v3
Hakea lanceolata,Lanceolata Hakea,Proteaceae,TAS,0,0,0,0,0,0,0,0,0,1,1,1,0,1,1,1,1,0,0,0,0,0,0,0,compiled_estimate_v3
Richea robusta,Robusta Richea,Ericaceae,TAS,0,0,0,0,0,0,0,0,1,1,1,0,1,1,0,0,0,0,0,0,0,0,0,0,compiled_estimate_v3
Eucalyptus latifolia,Latifolia Eucalyptus,Myrtaceae,TAS,0,0,0,0,0,0,0,1,1,1,1,0,1,1,1,1,0,0,0,0,0,0,0,0,compiled_estimate_v3
Stylidium latifolia,Latifolia Stylidium,Stylidiaceae,TAS,0,0,0,0,0,0,0,1,1,0,0,0,0,1,1,1,0,0,0,0,0,0,0,0,compiled_estimate_v3
Ozothamnus densiflora,Densiflora Ozothamnus,Asteraceae,TAS,0,0,0,0,0,0,0,0,0,1,1,1,0,0,0,1,1,1,0,0,0,0,0,0,compiled_estimate_v3
Correa rubra,Rubra Correa,Rutaceae,TAS,0,0,0,0,0,0,0,0,1,1,0,0,1,1,1,0,0,0,0,0,0,0,0,0,compiled_estimate_v3
Tasmannia rubra,Rubra Tasmannia,Winteraceae,TAS,0,0,0,0,0,0,0,0,0,1,1,1,1,1,0,0,0,0,0,0,0,0,0,0,compiled_estimate_v3
Leptospermum pubescens,Pubescens Leptospermum,Myrtaceae,TAS,0,0,0,0,0,0,0,0,0,1,1,0,0,0,1,1,0,0,0,0,0,0,0,0,compiled_estimate_v3
Epacris mucronata,Mucronata Epacris,Ericaceae,TAS,0,0,0,0,0,0,0,1,1,0,0,0,0,0,0,1,1,1,1,0,0,0,0,0,compiled_estimate_v3
Eucalyptus compacta,Compacta Eucalyptus,Myrtaceae,TAS,0,0,0,0,0,0,0,0,0,1,1,1,0,0,1,1,1,1,0,0,0,0,0,0,compiled_estimate_v3
Olearia mucronata,Mucronata Olearia,Asteraceae,TAS,0,0,0,0,0,0,0,1,1,0,0,0,0,1,1,0,0,0,0,0,0,0,0,0,compiled_estimate_v3
Pultenaea australis,Australis Pultenaea,Fabaceae,TAS,1,0,0,0,0,0,0,0,0,0,1,1,0,0,0,1,1,1,0,0,0,0,0,0,compiled_estimate_v3
Pomaderris latifolia,Latifolia Pomaderris,Rhamnaceae,TAS,1,0,0,0,0,0,0,0,0,0,1,1,1,1,1,1,0,0,0,0,0,0,0,0,compiled_estimate_v3
Richea minor,Minor Richea,Ericaceae,TAS,0,0,0,0,0,0,0,1,1,0,0,0,0,0,0,1,1,1,0,0,0,0,0,0,compiled_estimate_v3
Poa australis,Australis Poa,Poaceae,TAS,0,0,0,0,0,0,0,0,1,1,1,0,0,0,0,1,1,1,1,0,0,0,0,0,compiled_estimate_v3
Tasmannia elongata,Elongata Tasmannia,Winteraceae,TAS,0,0,0,0,0,0,0,1,1,1,0,0,0,1,1,0,0,0,0,0,0,0,0,0,compiled_estimate_v3
Epacris tasmanica,Tasmanica Epacris,Ericaceae,TAS,1,1,0,0,0,0,0,0,0,0,1,1,1,1,1,1,0,0,0,0,0,0,0,0,compiled_estimate_v3
Wahlenbergia australis,Australis Wahlenbergia,Campanulaceae,TAS,0,0,0,0,0,0,0,1,1,1,0,0,0,0,0,1,1,0,0,0,0,0,0,0,compiled_estimate_v3
Westringia tasmanica,Tasmanica Westringia,Lamiaceae,TAS,0,0,0,0,0,0,0,0,1,1,1,0,0,0,1,1,1,1,0,0,0,0,0,0,compiled_estimate_v3
Stylidium major,Major Stylidium,Stylidiaceae,TAS,0,0,0,0,0,0,0,0,0,1,1,1,0,1,1,1,1,0,0,0,0,0,0,0,compiled_estimate_v3
Hakea densiflora,Densiflora Hakea,Proteaceae,TAS,0,0,0,0,0,0,0,0,0,1,1,1,0,1,1,1,1,0,0,0,0,0,0,0,compiled_estimate_v3
Pomaderris glabra,Glabra Pomaderris,Rhamnaceae,TAS,1,0,0,0,0,0,0,0,0,0,1,1,1,1,1,0,0,0,0,0,0,0,0,0,compiled_estimate_v3
Grevillea glabra,Glabra Grevillea,Proteaceae,TAS,0,0,0,0,0,0,0,0,0,0,1,1,0,0,1,1,1,1,0,0,0,0,0,0,compiled_estimate_v3
Pomaderris longifolia,Longifolia Pomaderris,Rhamnaceae,TAS,0,0,0,0,0,0,0,1,1,0,0,0,1,1,1,1,0,0,0,0,0,0,0,0,compiled_estimate_v3
Lomatia major,Major Lomatia,Proteaceae,TAS,0,0,0,0,0,0,0,0,1,1,1,1,0,0,0,1,1,0,0,0,0,0,0,0,compiled_estimate_v3
Drosera densiflora,Densiflora Drosera,Droseraceae,TAS,0,0,0,0,0,0,0,1,1,1,0,0,0,0,1,1,1,1,0,0,0,0,0,0,compiled_estimate_v3
Poa parviflora,Parviflora Poa,Poaceae,TAS,1,0,0,0,0,0,0,0,0,0,1,1,0,0,1,1,1,1,0,0,0,0,0,0,compiled_estimate_v3
Westringia australis,Australis Westringia,Lamiaceae,TAS,0,0,0,0,0,0,0,1,1,1,1,0,0,0,1,1,0,0,0,0,0,0,0,0,compiled_estimate_v3
Banksia angustifolia,Angustifolia Banksia,Proteaceae,TAS,1,1,0,0,0,0,0,0,0,0,1,1,0,0,0,1,1,0,0,0,0,0,0,0,compiled_estimate_v3
Richea parviflora,Parviflora Richea,Ericaceae,TAS,1,0,0,0,0,0,0,0,0,0,1,1,0,0,0,1,1,1,1,0,0,0,0,0,compiled_estimate_v3
Banksia viridis,Viridis Banksia,Proteaceae,TAS,0,0,0,0,0,0,0,1,1,1,0,0,1,1,1,1,0,0,0,0,0,0,0,0,compiled_estimate_v3
Olearia montana,Montana Olearia,Asteraceae,TAS,1,0,0,0,0,0,0,0,0,1,1,1,1,1,1,1,0,0,0,0,0,0,0,0,compiled_estimate_v3
Bossiaea stricta,Stricta Bossiaea,Fabaceae,TAS,0,0,0,0,0,0,0,1,1,1,0,0,0,0,1,1,1,0,0,0,0,0,0,0,compiled_estimate_v3
Olearia alpina,Alpina Olearia,Asteraceae,TAS,0,0,0,0,0,0,0,0,1,1,1,0,1,1,1,1,0,0,0,0,0,0,0,0,compiled_estimate_v3
Pomaderris compacta,Compacta Pomaderris,Rhamnaceae,TAS,0,0,0,0,0,0,0,0,0,1,1,1,0,0,1,1,0,0,0,0,0,0,0,0,compiled_estimate_v3
